timestamp,mac_address,ap_id,ap_x,ap_y,rssi,true_x,true_y
2024-01-15 09:00:00,AA:BB:CC:00:00:01,AP-1,10,10,-65.4,18.427199254380895,35.634422820890464
2024-01-15 09:00:00,AA:BB:CC:00:00:01,AP-2,90,10,-78.5,18.427199254380895,35.634422820890464
2024-01-15 09:00:00,AA:BB:CC:00:00:01,AP-3,10,50,-61.3,18.427199254380895,35.634422820890464
2024-01-15 09:00:00,AA:BB:CC:00:00:01,AP-4,90,50,-78.8,18.427199254380895,35.634422820890464
2024-01-15 09:00:00,AA:BB:CC:00:00:01,AP-5,50,30,-66.8,18.427199254380895,35.634422820890464
2024-01-15 09:00:00,AA:BB:CC:01:00:01,AP-1,10,10,-73.8,66.62679967698315,4.534801318840418
2024-01-15 09:00:00,AA:BB:CC:01:00:01,AP-2,90,10,-65.8,66.62679967698315,4.534801318840418
2024-01-15 09:00:00,AA:BB:CC:01:00:01,AP-3,10,50,-74.8,66.62679967698315,4.534801318840418
2024-01-15 09:00:00,AA:BB:CC:01:00:01,AP-4,90,50,-74.4,66.62679967698315,4.534801318840418
2024-01-15 09:00:00,AA:BB:CC:01:00:01,AP-5,50,30,-66.8,66.62679967698315,4.534801318840418
2024-01-15 09:00:00,AA:BB:CC:02:00:01,AP-1,10,10,-77.8,76.3643562810662,45.77861839948243
2024-01-15 09:00:00,AA:BB:CC:02:00:01,AP-2,90,10,-68.6,76.3643562810662,45.77861839948243
2024-01-15 09:00:00,AA:BB:CC:02:00:01,AP-3,10,50,-74.8,76.3643562810662,45.77861839948243
2024-01-15 09:00:00,AA:BB:CC:02:00:01,AP-4,90,50,-57.4,76.3643562810662,45.77861839948243
2024-01-15 09:00:00,AA:BB:CC:02:00:01,AP-5,50,30,-66.4,76.3643562810662,45.77861839948243
2024-01-15 09:00:00,AA:BB:CC:03:00:01,AP-1,10,10,-79.4,85.15945185806984,11.427527942747842
2024-01-15 09:00:00,AA:BB:CC:03:00:01,AP-2,90,10,-52.6,85.15945185806984,11.427527942747842
2024-01-15 09:00:00,AA:BB:CC:03:00:01,AP-3,10,50,-79.5,85.15945185806984,11.427527942747842
2024-01-15 09:00:00,AA:BB:CC:03:00:01,AP-4,90,50,-69.0,85.15945185806984,11.427527942747842
2024-01-15 09:00:00,AA:BB:CC:03:00:01,AP-5,50,30,-68.5,85.15945185806984,11.427527942747842
2024-01-15 09:00:00,AA:BB:CC:04:00:01,AP-1,10,10,-57.1,18.753777040308332,2.898597900035501
2024-01-15 09:00:00,AA:BB:CC:04:00:01,AP-2,90,10,-74.8,18.753777040308332,2.898597900035501
2024-01-15 09:00:00,AA:BB:CC:04:00:01,AP-3,10,50,-74.1,18.753777040308332,2.898597900035501
2024-01-15 09:00:00,AA:BB:CC:04:00:01,AP-4,90,50,-79.0,18.753777040308332,2.898597900035501
2024-01-15 09:00:00,AA:BB:CC:04:00:01,AP-5,50,30,-69.2,18.753777040308332,2.898597900035501
2024-01-15 09:00:00,AA:BB:CC:05:00:01,AP-1,10,10,-70.6,43.19136108173517,37.24621594161608
2024-01-15 09:00:00,AA:BB:CC:05:00:01,AP-2,90,10,-75.1,43.19136108173517,37.24621594161608
2024-01-15 09:00:00,AA:BB:CC:05:00:01,AP-3,10,50,-63.1,43.19136108173517,37.24621594161608
2024-01-15 09:00:00,AA:BB:CC:05:00:01,AP-4,90,50,-69.0,43.19136108173517,37.24621594161608
2024-01-15 09:00:00,AA:BB:CC:05:00:01,AP-5,50,30,-52.6,43.19136108173517,37.24621594161608
2024-01-15 09:00:00,AA:BB:CC:06:00:01,AP-1,10,10,-60.2,14.156500239556827,26.887098732158595
2024-01-15 09:00:00,AA:BB:CC:06:00:01,AP-2,90,10,-78.1,14.156500239556827,26.887098732158595
2024-01-15 09:00:00,AA:BB:CC:06:00:01,AP-3,10,50,-63.1,14.156500239556827,26.887098732158595
2024-01-15 09:00:00,AA:BB:CC:06:00:01,AP-4,90,50,-77.7,14.156500239556827,26.887098732158595
2024-01-15 09:00:00,AA:BB:CC:06:00:01,AP-5,50,30,-67.7,14.156500239556827,26.887098732158595
2024-01-15 09:00:00,AA:BB:CC:07:00:01,AP-1,10,10,-69.4,26.200552238581157,46.09997987154742
2024-01-15 09:00:00,AA:BB:CC:07:00:01,AP-2,90,10,-75.1,26.200552238581157,46.09997987154742
2024-01-15 09:00:00,AA:BB:CC:07:00:01,AP-3,10,50,-57.7,26.200552238581157,46.09997987154742
2024-01-15 09:00:00,AA:BB:CC:07:00:01,AP-4,90,50,-74.9,26.200552238581157,46.09997987154742
2024-01-15 09:00:00,AA:BB:CC:07:00:01,AP-5,50,30,-67.3,26.200552238581157,46.09997987154742
2024-01-15 09:00:00,AA:BB:CC:08:00:01,AP-1,10,10,-55.5,18.65908212987856,16.476763146440067
2024-01-15 09:00:00,AA:BB:CC:08:00:01,AP-2,90,10,-78.8,18.65908212987856,16.476763146440067
2024-01-15 09:00:00,AA:BB:CC:08:00:01,AP-3,10,50,-69.1,18.65908212987856,16.476763146440067
2024-01-15 09:00:00,AA:BB:CC:08:00:01,AP-4,90,50,-77.0,18.65908212987856,16.476763146440067
2024-01-15 09:00:00,AA:BB:CC:08:00:01,AP-5,50,30,-68.0,18.65908212987856,16.476763146440067
2024-01-15 09:00:00,AA:BB:CC:09:00:01,AP-1,10,10,-70.8,51.58819349028377,14.057346766910946
2024-01-15 09:00:00,AA:BB:CC:09:00:01,AP-2,90,10,-71.5,51.58819349028377,14.057346766910946
2024-01-15 09:00:00,AA:BB:CC:09:00:01,AP-3,10,50,-71.9,51.58819349028377,14.057346766910946
2024-01-15 09:00:00,AA:BB:CC:09:00:01,AP-4,90,50,-70.9,51.58819349028377,14.057346766910946
2024-01-15 09:00:00,AA:BB:CC:09:00:01,AP-5,50,30,-56.7,51.58819349028377,14.057346766910946
2024-01-15 09:00:00,AA:BB:CC:0A:00:01,AP-1,10,10,-59.7,13.165229668654401,28.091089223052606
2024-01-15 09:00:00,AA:BB:CC:0A:00:01,AP-2,90,10,-79.0,13.165229668654401,28.091089223052606
2024-01-15 09:00:00,AA:BB:CC:0A:00:01,AP-3,10,50,-63.5,13.165229668654401,28.091089223052606
2024-01-15 09:00:00,AA:BB:CC:0A:00:01,AP-4,90,50,-76.8,13.165229668654401,28.091089223052606
2024-01-15 09:00:00,AA:BB:CC:0A:00:01,AP-5,50,30,-67.3,13.165229668654401,28.091089223052606
2024-01-15 09:00:00,AA:BB:CC:0B:00:01,AP-1,10,10,-62.0,24.67312486805128,15.32377511952698
2024-01-15 09:00:00,AA:BB:CC:0B:00:01,AP-2,90,10,-77.8,24.67312486805128,15.32377511952698
2024-01-15 09:00:00,AA:BB:CC:0B:00:01,AP-3,10,50,-69.4,24.67312486805128,15.32377511952698
2024-01-15 09:00:00,AA:BB:CC:0B:00:01,AP-4,90,50,-78.2,24.67312486805128,15.32377511952698
2024-01-15 09:00:00,AA:BB:CC:0B:00:01,AP-5,50,30,-66.1,24.67312486805128,15.32377511952698
2024-01-15 09:00:00,AA:BB:CC:0C:00:01,AP-1,10,10,-73.6,60.5571910096803,15.310443477074038
2024-01-15 09:00:00,AA:BB:CC:0C:00:01,AP-2,90,10,-64.4,60.5571910096803,15.310443477074038
2024-01-15 09:00:00,AA:BB:CC:0C:00:01,AP-3,10,50,-74.9,60.5571910096803,15.310443477074038
2024-01-15 09:00:00,AA:BB:CC:0C:00:01,AP-4,90,50,-75.7,60.5571910096803,15.310443477074038
2024-01-15 09:00:00,AA:BB:CC:0C:00:01,AP-5,50,30,-58.7,60.5571910096803,15.310443477074038
2024-01-15 09:00:00,AA:BB:CC:0D:00:01,AP-1,10,10,-68.4,51.38622545746955,28.522120403941237
2024-01-15 09:00:00,AA:BB:CC:0D:00:01,AP-2,90,10,-71.3,51.38622545746955,28.522120403941237
2024-01-15 09:00:00,AA:BB:CC:0D:00:01,AP-3,10,50,-69.3,51.38622545746955,28.522120403941237
2024-01-15 09:00:00,AA:BB:CC:0D:00:01,AP-4,90,50,-70.5,51.38622545746955,28.522120403941237
2024-01-15 09:00:00,AA:BB:CC:0D:00:01,AP-5,50,30,-38.6,51.38622545746955,28.522120403941237
2024-01-15 09:00:00,AA:BB:CC:0E:00:01,AP-1,10,10,-78.8,88.41121787874688,34.31473041840442
2024-01-15 09:00:00,AA:BB:CC:0E:00:01,AP-2,90,10,-65.4,88.41121787874688,34.31473041840442
2024-01-15 09:00:00,AA:BB:CC:0E:00:01,AP-3,10,50,-78.2,88.41121787874688,34.31473041840442
2024-01-15 09:00:00,AA:BB:CC:0E:00:01,AP-4,90,50,-59.5,88.41121787874688,34.31473041840442
2024-01-15 09:00:00,AA:BB:CC:0E:00:01,AP-5,50,30,-68.3,88.41121787874688,34.31473041840442
2024-01-15 09:00:00,AA:BB:CC:0F:00:01,AP-1,10,10,-59.2,23.25072219050862,4.96224641499612
2024-01-15 09:00:00,AA:BB:CC:0F:00:01,AP-2,90,10,-74.9,23.25072219050862,4.96224641499612
2024-01-15 09:00:00,AA:BB:CC:0F:00:01,AP-3,10,50,-66.2,23.25072219050862,4.96224641499612
2024-01-15 09:00:00,AA:BB:CC:0F:00:01,AP-4,90,50,-78.3,23.25072219050862,4.96224641499612
2024-01-15 09:00:00,AA:BB:CC:0F:00:01,AP-5,50,30,-67.3,23.25072219050862,4.96224641499612
2024-01-15 09:00:00,AA:BB:CC:10:00:01,AP-1,10,10,-77.3,56.45496348798834,50.59421757871829
2024-01-15 09:00:00,AA:BB:CC:10:00:01,AP-2,90,10,-74.4,56.45496348798834,50.59421757871829
2024-01-15 09:00:00,AA:BB:CC:10:00:01,AP-3,10,50,-69.2,56.45496348798834,50.59421757871829
2024-01-15 09:00:00,AA:BB:CC:10:00:01,AP-4,90,50,-69.0,56.45496348798834,50.59421757871829
2024-01-15 09:00:00,AA:BB:CC:10:00:01,AP-5,50,30,-64.2,56.45496348798834,50.59421757871829
2024-01-15 09:00:00,AA:BB:CC:11:00:01,AP-1,10,10,-70.4,42.74519548495781,21.487295808475075
2024-01-15 09:00:00,AA:BB:CC:11:00:01,AP-2,90,10,-69.5,42.74519548495781,21.487295808475075
2024-01-15 09:00:00,AA:BB:CC:11:00:01,AP-3,10,50,-65.4,42.74519548495781,21.487295808475075
2024-01-15 09:00:00,AA:BB:CC:11:00:01,AP-4,90,50,-77.1,42.74519548495781,21.487295808475075
2024-01-15 09:00:00,AA:BB:CC:11:00:01,AP-5,50,30,-58.2,42.74519548495781,21.487295808475075
2024-01-15 09:00:00,AA:BB:CC:12:00:01,AP-1,10,10,-76.0,83.29030802384678,44.71418121008551
2024-01-15 09:00:00,AA:BB:CC:12:00:01,AP-2,90,10,-68.0,83.29030802384678,44.71418121008551
2024-01-15 09:00:00,AA:BB:CC:12:00:01,AP-3,10,50,-78.0,83.29030802384678,44.71418121008551
2024-01-15 09:00:00,AA:BB:CC:12:00:01,AP-4,90,50,-52.0,83.29030802384678,44.71418121008551
2024-01-15 09:00:00,AA:BB:CC:12:00:01,AP-5,50,30,-73.2,83.29030802384678,44.71418121008551
2024-01-15 09:00:00,AA:BB:CC:13:00:01,AP-1,10,10,-71.9,49.778937626656386,54.07514458701429
2024-01-15 09:00:00,AA:BB:CC:13:00:01,AP-2,90,10,-71.9,49.778937626656386,54.07514458701429
2024-01-15 09:00:00,AA:BB:CC:13:00:01,AP-3,10,50,-70.2,49.778937626656386,54.07514458701429
2024-01-15 09:00:00,AA:BB:CC:13:00:01,AP-4,90,50,-68.3,49.778937626656386,54.07514458701429
2024-01-15 09:00:00,AA:BB:CC:13:00:01,AP-5,50,30,-65.4,49.778937626656386,54.07514458701429
2024-01-15 09:00:00,AA:BB:CC:14:00:01,AP-1,10,10,-72.5,33.131885669982864,43.28047703140675
2024-01-15 09:00:00,AA:BB:CC:14:00:01,AP-2,90,10,-75.2,33.131885669982864,43.28047703140675
2024-01-15 09:00:00,AA:BB:CC:14:00:01,AP-3,10,50,-68.5,33.131885669982864,43.28047703140675
2024-01-15 09:00:00,AA:BB:CC:14:00:01,AP-4,90,50,-75.0,33.131885669982864,43.28047703140675
2024-01-15 09:00:00,AA:BB:CC:14:00:01,AP-5,50,30,-59.6,33.131885669982864,43.28047703140675
2024-01-15 09:00:00,AA:BB:CC:15:00:01,AP-1,10,10,-75.5,92.86419948504997,11.85713556780712
2024-01-15 09:00:00,AA:BB:CC:15:00:01,AP-2,90,10,-39.4,92.86419948504997,11.85713556780712
2024-01-15 09:00:00,AA:BB:CC:15:00:01,AP-3,10,50,-81.6,92.86419948504997,11.85713556780712
2024-01-15 09:00:00,AA:BB:CC:15:00:01,AP-4,90,50,-69.0,92.86419948504997,11.85713556780712
2024-01-15 09:00:00,AA:BB:CC:15:00:01,AP-5,50,30,-75.0,92.86419948504997,11.85713556780712
2024-01-15 09:00:00,AA:BB:CC:16:00:01,AP-1,10,10,-78.4,73.54114970500682,6.906298313058339
2024-01-15 09:00:00,AA:BB:CC:16:00:01,AP-2,90,10,-62.2,73.54114970500682,6.906298313058339
2024-01-15 09:00:00,AA:BB:CC:16:00:01,AP-3,10,50,-78.6,73.54114970500682,6.906298313058339
2024-01-15 09:00:00,AA:BB:CC:16:00:01,AP-4,90,50,-70.2,73.54114970500682,6.906298313058339
2024-01-15 09:00:00,AA:BB:CC:16:00:01,AP-5,50,30,-68.2,73.54114970500682,6.906298313058339
2024-01-15 09:00:00,AA:BB:CC:17:00:01,AP-1,10,10,-69.1,32.78389958262987,36.457611577514996
2024-01-15 09:00:00,AA:BB:CC:17:00:01,AP-2,90,10,-72.9,32.78389958262987,36.457611577514996
2024-01-15 09:00:00,AA:BB:CC:17:00:01,AP-3,10,50,-67.7,32.78389958262987,36.457611577514996
2024-01-15 09:00:00,AA:BB:CC:17:00:01,AP-4,90,50,-74.8,32.78389958262987,36.457611577514996
2024-01-15 09:00:00,AA:BB:CC:17:00:01,AP-5,50,30,-64.2,32.78389958262987,36.457611577514996
2024-01-15 09:00:00,AA:BB:CC:18:00:01,AP-1,10,10,-64.2,30.382213963533275,22.648707238449685
2024-01-15 09:00:00,AA:BB:CC:18:00:01,AP-2,90,10,-77.4,30.382213963533275,22.648707238449685
2024-01-15 09:00:00,AA:BB:CC:18:00:01,AP-3,10,50,-64.6,30.382213963533275,22.648707238449685
2024-01-15 09:00:00,AA:BB:CC:18:00:01,AP-4,90,50,-74.3,30.382213963533275,22.648707238449685
2024-01-15 09:00:00,AA:BB:CC:18:00:01,AP-5,50,30,-63.0,30.382213963533275,22.648707238449685
2024-01-15 09:00:00,AA:BB:CC:19:00:01,AP-1,10,10,-70.0,22.791721071245572,51.7876543862703
2024-01-15 09:00:00,AA:BB:CC:19:00:01,AP-2,90,10,-77.2,22.791721071245572,51.7876543862703
2024-01-15 09:00:00,AA:BB:CC:19:00:01,AP-3,10,50,-59.4,22.791721071245572,51.7876543862703
2024-01-15 09:00:00,AA:BB:CC:19:00:01,AP-4,90,50,-76.6,22.791721071245572,51.7876543862703
2024-01-15 09:00:00,AA:BB:CC:19:00:01,AP-5,50,30,-68.0,22.791721071245572,51.7876543862703
2024-01-15 09:00:00,AA:BB:CC:1A:00:01,AP-1,10,10,-51.5,4.720237362677896,18.96502909279948
2024-01-15 09:00:00,AA:BB:CC:1A:00:01,AP-2,90,10,-77.0,4.720237362677896,18.96502909279948
2024-01-15 09:00:00,AA:BB:CC:1A:00:01,AP-3,10,50,-66.2,4.720237362677896,18.96502909279948
2024-01-15 09:00:00,AA:BB:CC:1A:00:01,AP-4,90,50,-80.0,4.720237362677896,18.96502909279948
2024-01-15 09:00:00,AA:BB:CC:1A:00:01,AP-5,50,30,-71.0,4.720237362677896,18.96502909279948
2024-01-15 09:00:00,AA:BB:CC:1B:00:01,AP-1,10,10,-60.3,28.984101343999104,9.881694130006778
2024-01-15 09:00:00,AA:BB:CC:1B:00:01,AP-2,90,10,-73.0,28.984101343999104,9.881694130006778
2024-01-15 09:00:00,AA:BB:CC:1B:00:01,AP-3,10,50,-74.9,28.984101343999104,9.881694130006778
2024-01-15 09:00:00,AA:BB:CC:1B:00:01,AP-4,90,50,-77.5,28.984101343999104,9.881694130006778
2024-01-15 09:00:00,AA:BB:CC:1B:00:01,AP-5,50,30,-65.7,28.984101343999104,9.881694130006778
2024-01-15 09:00:00,AA:BB:CC:1C:00:01,AP-1,10,10,-81.4,87.87939672433745,24.154990005568536
2024-01-15 09:00:00,AA:BB:CC:1C:00:01,AP-2,90,10,-60.0,87.87939672433745,24.154990005568536
2024-01-15 09:00:00,AA:BB:CC:1C:00:01,AP-3,10,50,-79.0,87.87939672433745,24.154990005568536
2024-01-15 09:00:00,AA:BB:CC:1C:00:01,AP-4,90,50,-65.3,87.87939672433745,24.154990005568536
2024-01-15 09:00:00,AA:BB:CC:1C:00:01,AP-5,50,30,-69.7,87.87939672433745,24.154990005568536
2024-01-15 09:00:00,AA:BB:CC:1D:00:01,AP-1,10,10,-68.7,37.057502650147185,17.7328268735861
2024-01-15 09:00:00,AA:BB:CC:1D:00:01,AP-2,90,10,-71.1,37.057502650147185,17.7328268735861
2024-01-15 09:00:00,AA:BB:CC:1D:00:01,AP-3,10,50,-70.9,37.057502650147185,17.7328268735861
2024-01-15 09:00:00,AA:BB:CC:1D:00:01,AP-4,90,50,-75.2,37.057502650147185,17.7328268735861
2024-01-15 09:00:00,AA:BB:CC:1D:00:01,AP-5,50,30,-60.5,37.057502650147185,17.7328268735861
2024-01-15 09:00:00,AA:BB:CC:1E:00:01,AP-1,10,10,-67.5,27.920300704670307,33.5284951765926
2024-01-15 09:00:00,AA:BB:CC:1E:00:01,AP-2,90,10,-74.4,27.920300704670307,33.5284951765926
2024-01-15 09:00:00,AA:BB:CC:1E:00:01,AP-3,10,50,-64.4,27.920300704670307,33.5284951765926
2024-01-15 09:00:00,AA:BB:CC:1E:00:01,AP-4,90,50,-72.9,27.920300704670307,33.5284951765926
2024-01-15 09:00:00,AA:BB:CC:1E:00:01,AP-5,50,30,-62.6,27.920300704670307,33.5284951765926
2024-01-15 09:00:00,AA:BB:CC:1F:00:01,AP-1,10,10,-74.9,88.25737984901362,51.4534311990394
2024-01-15 09:00:00,AA:BB:CC:1F:00:01,AP-2,90,10,-68.9,88.25737984901362,51.4534311990394
2024-01-15 09:00:00,AA:BB:CC:1F:00:01,AP-3,10,50,-78.2,88.25737984901362,51.4534311990394
2024-01-15 09:00:00,AA:BB:CC:1F:00:01,AP-4,90,50,-41.0,88.25737984901362,51.4534311990394
2024-01-15 09:00:00,AA:BB:CC:1F:00:01,AP-5,50,30,-71.4,88.25737984901362,51.4534311990394
2024-01-15 09:00:00,AA:BB:CC:20:00:01,AP-1,10,10,-76.2,92.84095867979725,4.129871890417231
2024-01-15 09:00:00,AA:BB:CC:20:00:01,AP-2,90,10,-48.0,92.84095867979725,4.129871890417231
2024-01-15 09:00:00,AA:BB:CC:20:00:01,AP-3,10,50,-79.1,92.84095867979725,4.129871890417231
2024-01-15 09:00:00,AA:BB:CC:20:00:01,AP-4,90,50,-73.7,92.84095867979725,4.129871890417231
2024-01-15 09:00:00,AA:BB:CC:20:00:01,AP-5,50,30,-71.4,92.84095867979725,4.129871890417231
2024-01-15 09:00:00,AA:BB:CC:21:00:01,AP-1,10,10,-78.9,77.8812331356656,54.33777298898992
2024-01-15 09:00:00,AA:BB:CC:21:00:01,AP-2,90,10,-70.3,77.8812331356656,54.33777298898992
2024-01-15 09:00:00,AA:BB:CC:21:00:01,AP-3,10,50,-78.1,77.8812331356656,54.33777298898992
2024-01-15 09:00:00,AA:BB:CC:21:00:01,AP-4,90,50,-57.9,77.8812331356656,54.33777298898992
2024-01-15 09:00:00,AA:BB:CC:21:00:01,AP-5,50,30,-69.7,77.8812331356656,54.33777298898992
2024-01-15 09:00:00,AA:BB:CC:22:00:01,AP-1,10,10,-78.9,86.48659294382689,17.628035138808734
2024-01-15 09:00:00,AA:BB:CC:22:00:01,AP-2,90,10,-56.4,86.48659294382689,17.628035138808734
2024-01-15 09:00:00,AA:BB:CC:22:00:01,AP-3,10,50,-76.2,86.48659294382689,17.628035138808734
2024-01-15 09:00:00,AA:BB:CC:22:00:01,AP-4,90,50,-67.4,86.48659294382689,17.628035138808734
2024-01-15 09:00:00,AA:BB:CC:22:00:01,AP-5,50,30,-70.0,86.48659294382689,17.628035138808734
2024-01-15 09:00:00,AA:BB:CC:23:00:01,AP-1,10,10,-74.7,55.43295403275429,32.49927829008785
2024-01-15 09:00:00,AA:BB:CC:23:00:01,AP-2,90,10,-69.4,55.43295403275429,32.49927829008785
2024-01-15 09:00:00,AA:BB:CC:23:00:01,AP-3,10,50,-73.7,55.43295403275429,32.49927829008785
2024-01-15 09:00:00,AA:BB:CC:23:00:01,AP-4,90,50,-73.6,55.43295403275429,32.49927829008785
2024-01-15 09:00:00,AA:BB:CC:23:00:01,AP-5,50,30,-44.3,55.43295403275429,32.49927829008785
2024-01-15 09:00:00,AA:BB:CC:24:00:01,AP-1,10,10,-79.8,85.42301740992764,25.476866789432172
2024-01-15 09:00:00,AA:BB:CC:24:00:01,AP-2,90,10,-60.4,85.42301740992764,25.476866789432172
2024-01-15 09:00:00,AA:BB:CC:24:00:01,AP-3,10,50,-75.7,85.42301740992764,25.476866789432172
2024-01-15 09:00:00,AA:BB:CC:24:00:01,AP-4,90,50,-66.2,85.42301740992764,25.476866789432172
2024-01-15 09:00:00,AA:BB:CC:24:00:01,AP-5,50,30,-70.3,85.42301740992764,25.476866789432172
2024-01-15 09:00:00,AA:BB:CC:25:00:01,AP-1,10,10,-75.8,69.3178795287326,41.44853740132034
2024-01-15 09:00:00,AA:BB:CC:25:00:01,AP-2,90,10,-66.6,69.3178795287326,41.44853740132034
2024-01-15 09:00:00,AA:BB:CC:25:00:01,AP-3,10,50,-71.3,69.3178795287326,41.44853740132034
2024-01-15 09:00:00,AA:BB:CC:25:00:01,AP-4,90,50,-59.2,69.3178795287326,41.44853740132034
2024-01-15 09:00:00,AA:BB:CC:25:00:01,AP-5,50,30,-59.5,69.3178795287326,41.44853740132034
2024-01-15 09:00:00,AA:BB:CC:26:00:01,AP-1,10,10,-69.0,51.84566826472228,26.82348677173702
2024-01-15 09:00:00,AA:BB:CC:26:00:01,AP-2,90,10,-69.6,51.84566826472228,26.82348677173702
2024-01-15 09:00:00,AA:BB:CC:26:00:01,AP-3,10,50,-75.4,51.84566826472228,26.82348677173702
2024-01-15 09:00:00,AA:BB:CC:26:00:01,AP-4,90,50,-73.9,51.84566826472228,26.82348677173702
2024-01-15 09:00:00,AA:BB:CC:26:00:01,AP-5,50,30,-45.9,51.84566826472228,26.82348677173702
2024-01-15 09:00:00,AA:BB:CC:27:00:01,AP-1,10,10,-75.9,93.88355280980876,25.01797991308643
2024-01-15 09:00:00,AA:BB:CC:27:00:01,AP-2,90,10,-61.6,93.88355280980876,25.01797991308643
2024-01-15 09:00:00,AA:BB:CC:27:00:01,AP-3,10,50,-74.7,93.88355280980876,25.01797991308643
2024-01-15 09:00:00,AA:BB:CC:27:00:01,AP-4,90,50,-64.2,93.88355280980876,25.01797991308643
2024-01-15 09:00:00,AA:BB:CC:27:00:01,AP-5,50,30,-70.5,93.88355280980876,25.01797991308643
2024-01-15 09:10:00,AA:BB:CC:00:00:01,AP-1,10,10,-69.4,53.06166713962435,15.765495476102188
2024-01-15 09:10:00,AA:BB:CC:00:00:01,AP-2,90,10,-69.2,53.06166713962435,15.765495476102188
2024-01-15 09:10:00,AA:BB:CC:00:00:01,AP-3,10,50,-71.4,53.06166713962435,15.765495476102188
2024-01-15 09:10:00,AA:BB:CC:00:00:01,AP-4,90,50,-70.9,53.06166713962435,15.765495476102188
2024-01-15 09:10:00,AA:BB:CC:00:00:01,AP-5,50,30,-59.2,53.06166713962435,15.765495476102188
2024-01-15 09:10:00,AA:BB:CC:01:00:01,AP-1,10,10,-76.2,91.09849636154408,17.972095315899132
2024-01-15 09:10:00,AA:BB:CC:01:00:01,AP-2,90,10,-55.2,91.09849636154408,17.972095315899132
2024-01-15 09:10:00,AA:BB:CC:01:00:01,AP-3,10,50,-78.8,91.09849636154408,17.972095315899132
2024-01-15 09:10:00,AA:BB:CC:01:00:01,AP-4,90,50,-65.3,91.09849636154408,17.972095315899132
2024-01-15 09:10:00,AA:BB:CC:01:00:01,AP-5,50,30,-74.0,91.09849636154408,17.972095315899132
2024-01-15 09:10:00,AA:BB:CC:02:00:01,AP-1,10,10,-71.3,24.47397555729471,41.095885863348514
2024-01-15 09:10:00,AA:BB:CC:02:00:01,AP-2,90,10,-75.9,24.47397555729471,41.095885863348514
2024-01-15 09:10:00,AA:BB:CC:02:00:01,AP-3,10,50,-60.1,24.47397555729471,41.095885863348514
2024-01-15 09:10:00,AA:BB:CC:02:00:01,AP-4,90,50,-78.4,24.47397555729471,41.095885863348514
2024-01-15 09:10:00,AA:BB:CC:02:00:01,AP-5,50,30,-67.7,24.47397555729471,41.095885863348514
2024-01-15 09:10:00,AA:BB:CC:03:00:01,AP-1,10,10,-72.2,47.383242808853375,21.763955622660063
2024-01-15 09:10:00,AA:BB:CC:03:00:01,AP-2,90,10,-68.7,47.383242808853375,21.763955622660063
2024-01-15 09:10:00,AA:BB:CC:03:00:01,AP-3,10,50,-70.4,47.383242808853375,21.763955622660063
2024-01-15 09:10:00,AA:BB:CC:03:00:01,AP-4,90,50,-69.4,47.383242808853375,21.763955622660063
2024-01-15 09:10:00,AA:BB:CC:03:00:01,AP-5,50,30,-50.3,47.383242808853375,21.763955622660063
2024-01-15 09:10:00,AA:BB:CC:04:00:01,AP-1,10,10,-82.5,96.45177505285596,54.473926969658216
2024-01-15 09:10:00,AA:BB:CC:04:00:01,AP-2,90,10,-70.2,96.45177505285596,54.473926969658216
2024-01-15 09:10:00,AA:BB:CC:04:00:01,AP-3,10,50,-77.5,96.45177505285596,54.473926969658216
2024-01-15 09:10:00,AA:BB:CC:04:00:01,AP-4,90,50,-51.6,96.45177505285596,54.473926969658216
2024-01-15 09:10:00,AA:BB:CC:04:00:01,AP-5,50,30,-70.9,96.45177505285596,54.473926969658216
2024-01-15 09:10:00,AA:BB:CC:05:00:01,AP-1,10,10,-65.6,5.840555746298104,39.640289438564054
2024-01-15 09:10:00,AA:BB:CC:05:00:01,AP-2,90,10,-80.4,5.840555746298104,39.640289438564054
2024-01-15 09:10:00,AA:BB:CC:05:00:01,AP-3,10,50,-56.5,5.840555746298104,39.640289438564054
2024-01-15 09:10:00,AA:BB:CC:05:00:01,AP-4,90,50,-76.6,5.840555746298104,39.640289438564054
2024-01-15 09:10:00,AA:BB:CC:05:00:01,AP-5,50,30,-73.8,5.840555746298104,39.640289438564054
2024-01-15 09:10:00,AA:BB:CC:06:00:01,AP-1,10,10,-77.6,97.61901581314686,16.302853452055675
2024-01-15 09:10:00,AA:BB:CC:06:00:01,AP-2,90,10,-56.7,97.61901581314686,16.302853452055675
2024-01-15 09:10:00,AA:BB:CC:06:00:01,AP-3,10,50,-77.2,97.61901581314686,16.302853452055675
2024-01-15 09:10:00,AA:BB:CC:06:00:01,AP-4,90,50,-70.4,97.61901581314686,16.302853452055675
2024-01-15 09:10:00,AA:BB:CC:06:00:01,AP-5,50,30,-71.9,97.61901581314686,16.302853452055675
2024-01-15 09:10:00,AA:BB:CC:07:00:01,AP-1,10,10,-74.4,65.4446928992173,27.35086778804173
2024-01-15 09:10:00,AA:BB:CC:07:00:01,AP-2,90,10,-67.8,65.4446928992173,27.35086778804173
2024-01-15 09:10:00,AA:BB:CC:07:00:01,AP-3,10,50,-73.2,65.4446928992173,27.35086778804173
2024-01-15 09:10:00,AA:BB:CC:07:00:01,AP-4,90,50,-65.9,65.4446928992173,27.35086778804173
2024-01-15 09:10:00,AA:BB:CC:07:00:01,AP-5,50,30,-62.9,65.4446928992173,27.35086778804173
2024-01-15 09:10:00,AA:BB:CC:08:00:01,AP-1,10,10,-80.6,96.17254059196839,47.151789976798206
2024-01-15 09:10:00,AA:BB:CC:08:00:01,AP-2,90,10,-72.0,96.17254059196839,47.151789976798206
2024-01-15 09:10:00,AA:BB:CC:08:00:01,AP-3,10,50,-76.4,96.17254059196839,47.151789976798206
2024-01-15 09:10:00,AA:BB:CC:08:00:01,AP-4,90,50,-49.4,96.17254059196839,47.151789976798206
2024-01-15 09:10:00,AA:BB:CC:08:00:01,AP-5,50,30,-69.9,96.17254059196839,47.151789976798206
2024-01-15 09:10:00,AA:BB:CC:09:00:01,AP-1,10,10,-69.8,63.565077336054685,24.989800425243118
2024-01-15 09:10:00,AA:BB:CC:09:00:01,AP-2,90,10,-67.8,63.565077336054685,24.989800425243118
2024-01-15 09:10:00,AA:BB:CC:09:00:01,AP-3,10,50,-76.7,63.565077336054685,24.989800425243118
2024-01-15 09:10:00,AA:BB:CC:09:00:01,AP-4,90,50,-69.0,63.565077336054685,24.989800425243118
2024-01-15 09:10:00,AA:BB:CC:09:00:01,AP-5,50,30,-59.3,63.565077336054685,24.989800425243118
2024-01-15 09:10:00,AA:BB:CC:0A:00:01,AP-1,10,10,-68.5,33.04165939154979,32.9758120370046
2024-01-15 09:10:00,AA:BB:CC:0A:00:01,AP-2,90,10,-76.1,33.04165939154979,32.9758120370046
2024-01-15 09:10:00,AA:BB:CC:0A:00:01,AP-3,10,50,-67.0,33.04165939154979,32.9758120370046
2024-01-15 09:10:00,AA:BB:CC:0A:00:01,AP-4,90,50,-75.3,33.04165939154979,32.9758120370046
2024-01-15 09:10:00,AA:BB:CC:0A:00:01,AP-5,50,30,-59.0,33.04165939154979,32.9758120370046
2024-01-15 09:10:00,AA:BB:CC:0B:00:01,AP-1,10,10,-66.7,37.18720506156524,21.023492300368567
2024-01-15 09:10:00,AA:BB:CC:0B:00:01,AP-2,90,10,-71.7,37.18720506156524,21.023492300368567
2024-01-15 09:10:00,AA:BB:CC:0B:00:01,AP-3,10,50,-69.7,37.18720506156524,21.023492300368567
2024-01-15 09:10:00,AA:BB:CC:0B:00:01,AP-4,90,50,-72.2,37.18720506156524,21.023492300368567
2024-01-15 09:10:00,AA:BB:CC:0B:00:01,AP-5,50,30,-62.9,37.18720506156524,21.023492300368567
2024-01-15 09:10:00,AA:BB:CC:0C:00:01,AP-1,10,10,-73.9,61.27273521872544,33.05733033337501
2024-01-15 09:10:00,AA:BB:CC:0C:00:01,AP-2,90,10,-64.5,61.27273521872544,33.05733033337501
2024-01-15 09:10:00,AA:BB:CC:0C:00:01,AP-3,10,50,-73.2,61.27273521872544,33.05733033337501
2024-01-15 09:10:00,AA:BB:CC:0C:00:01,AP-4,90,50,-66.7,61.27273521872544,33.05733033337501
2024-01-15 09:10:00,AA:BB:CC:0C:00:01,AP-5,50,30,-56.6,61.27273521872544,33.05733033337501
2024-01-15 09:10:00,AA:BB:CC:0D:00:01,AP-1,10,10,-70.6,19.884392732591948,43.655206417660835
2024-01-15 09:10:00,AA:BB:CC:0D:00:01,AP-2,90,10,-76.5,19.884392732591948,43.655206417660835
2024-01-15 09:10:00,AA:BB:CC:0D:00:01,AP-3,10,50,-57.4,19.884392732591948,43.655206417660835
2024-01-15 09:10:00,AA:BB:CC:0D:00:01,AP-4,90,50,-76.5,19.884392732591948,43.655206417660835
2024-01-15 09:10:00,AA:BB:CC:0D:00:01,AP-5,50,30,-65.2,19.884392732591948,43.655206417660835
2024-01-15 09:10:00,AA:BB:CC:0E:00:01,AP-1,10,10,-73.4,69.7084252859153,23.31750406239379
2024-01-15 09:10:00,AA:BB:CC:0E:00:01,AP-2,90,10,-62.6,69.7084252859153,23.31750406239379
2024-01-15 09:10:00,AA:BB:CC:0E:00:01,AP-3,10,50,-76.1,69.7084252859153,23.31750406239379
2024-01-15 09:10:00,AA:BB:CC:0E:00:01,AP-4,90,50,-66.6,69.7084252859153,23.31750406239379
2024-01-15 09:10:00,AA:BB:CC:0E:00:01,AP-5,50,30,-60.1,69.7084252859153,23.31750406239379
2024-01-15 09:10:00,AA:BB:CC:0F:00:01,AP-1,10,10,-79.9,93.20050201765758,30.49957973224975
2024-01-15 09:10:00,AA:BB:CC:0F:00:01,AP-2,90,10,-63.9,93.20050201765758,30.49957973224975
2024-01-15 09:10:00,AA:BB:CC:0F:00:01,AP-3,10,50,-82.0,93.20050201765758,30.49957973224975
2024-01-15 09:10:00,AA:BB:CC:0F:00:01,AP-4,90,50,-65.0,93.20050201765758,30.49957973224975
2024-01-15 09:10:00,AA:BB:CC:0F:00:01,AP-5,50,30,-72.3,93.20050201765758,30.49957973224975
2024-01-15 09:10:00,AA:BB:CC:10:00:01,AP-1,10,10,-53.6,3.553090758672994,3.5031274693919006
2024-01-15 09:10:00,AA:BB:CC:10:00:01,AP-2,90,10,-75.2,3.553090758672994,3.5031274693919006
2024-01-15 09:10:00,AA:BB:CC:10:00:01,AP-3,10,50,-72.7,3.553090758672994,3.5031274693919006
2024-01-15 09:10:00,AA:BB:CC:10:00:01,AP-4,90,50,-81.5,3.553090758672994,3.5031274693919006
2024-01-15 09:10:00,AA:BB:CC:10:00:01,AP-5,50,30,-70.7,3.553090758672994,3.5031274693919006
2024-01-15 09:10:00,AA:BB:CC:11:00:01,AP-1,10,10,-68.9,38.75280294737057,51.146179607259995
2024-01-15 09:10:00,AA:BB:CC:11:00:01,AP-2,90,10,-75.2,38.75280294737057,51.146179607259995
2024-01-15 09:10:00,AA:BB:CC:11:00:01,AP-3,10,50,-67.6,38.75280294737057,51.146179607259995
2024-01-15 09:10:00,AA:BB:CC:11:00:01,AP-4,90,50,-73.4,38.75280294737057,51.146179607259995
2024-01-15 09:10:00,AA:BB:CC:11:00:01,AP-5,50,30,-66.3,38.75280294737057,51.146179607259995
2024-01-15 09:10:00,AA:BB:CC:12:00:01,AP-1,10,10,-71.5,50.02323803555757,38.5374736912143
2024-01-15 09:10:00,AA:BB:CC:12:00:01,AP-2,90,10,-72.8,50.02323803555757,38.5374736912143
2024-01-15 09:10:00,AA:BB:CC:12:00:01,AP-3,10,50,-67.4,50.02323803555757,38.5374736912143
2024-01-15 09:10:00,AA:BB:CC:12:00:01,AP-4,90,50,-70.7,50.02323803555757,38.5374736912143
2024-01-15 09:10:00,AA:BB:CC:12:00:01,AP-5,50,30,-53.7,50.02323803555757,38.5374736912143
2024-01-15 09:10:00,AA:BB:CC:13:00:01,AP-1,10,10,-70.2,49.056524949601055,11.225681710894884
2024-01-15 09:10:00,AA:BB:CC:13:00:01,AP-2,90,10,-72.7,49.056524949601055,11.225681710894884
2024-01-15 09:10:00,AA:BB:CC:13:00:01,AP-3,10,50,-72.5,49.056524949601055,11.225681710894884
2024-01-15 09:10:00,AA:BB:CC:13:00:01,AP-4,90,50,-72.7,49.056524949601055,11.225681710894884
2024-01-15 09:10:00,AA:BB:CC:13:00:01,AP-5,50,30,-59.6,49.056524949601055,11.225681710894884
2024-01-15 09:10:00,AA:BB:CC:14:00:01,AP-1,10,10,-73.9,11.358459089064961,44.5867612364907
2024-01-15 09:10:00,AA:BB:CC:14:00:01,AP-2,90,10,-80.7,11.358459089064961,44.5867612364907
2024-01-15 09:10:00,AA:BB:CC:14:00:01,AP-3,10,50,-47.9,11.358459089064961,44.5867612364907
2024-01-15 09:10:00,AA:BB:CC:14:00:01,AP-4,90,50,-76.5,11.358459089064961,44.5867612364907
2024-01-15 09:10:00,AA:BB:CC:14:00:01,AP-5,50,30,-72.2,11.358459089064961,44.5867612364907
2024-01-15 09:10:00,AA:BB:CC:15:00:01,AP-1,10,10,-70.7,62.77747023356919,12.42363026604481
2024-01-15 09:10:00,AA:BB:CC:15:00:01,AP-2,90,10,-66.2,62.77747023356919,12.42363026604481
2024-01-15 09:10:00,AA:BB:CC:15:00:01,AP-3,10,50,-74.0,62.77747023356919,12.42363026604481
2024-01-15 09:10:00,AA:BB:CC:15:00:01,AP-4,90,50,-71.7,62.77747023356919,12.42363026604481
2024-01-15 09:10:00,AA:BB:CC:15:00:01,AP-5,50,30,-65.6,62.77747023356919,12.42363026604481
2024-01-15 09:10:00,AA:BB:CC:16:00:01,AP-1,10,10,-77.8,90.00589901063952,54.012794730536555
2024-01-15 09:10:00,AA:BB:CC:16:00:01,AP-2,90,10,-69.9,90.00589901063952,54.012794730536555
2024-01-15 09:10:00,AA:BB:CC:16:00:01,AP-3,10,50,-82.1,90.00589901063952,54.012794730536555
2024-01-15 09:10:00,AA:BB:CC:16:00:01,AP-4,90,50,-47.6,90.00589901063952,54.012794730536555
2024-01-15 09:10:00,AA:BB:CC:16:00:01,AP-5,50,30,-68.0,90.00589901063952,54.012794730536555
2024-01-15 09:10:00,AA:BB:CC:17:00:01,AP-1,10,10,-65.7,49.35938513746941,24.882810018467367
2024-01-15 09:10:00,AA:BB:CC:17:00:01,AP-2,90,10,-70.2,49.35938513746941,24.882810018467367
2024-01-15 09:10:00,AA:BB:CC:17:00:01,AP-3,10,50,-69.2,49.35938513746941,24.882810018467367
2024-01-15 09:10:00,AA:BB:CC:17:00:01,AP-4,90,50,-73.1,49.35938513746941,24.882810018467367
2024-01-15 09:10:00,AA:BB:CC:17:00:01,AP-5,50,30,-47.4,49.35938513746941,24.882810018467367
2024-01-15 09:10:00,AA:BB:CC:18:00:01,AP-1,10,10,-68.3,40.89190388138594,24.070179666658635
2024-01-15 09:10:00,AA:BB:CC:18:00:01,AP-2,90,10,-69.5,40.89190388138594,24.070179666658635
2024-01-15 09:10:00,AA:BB:CC:18:00:01,AP-3,10,50,-72.9,40.89190388138594,24.070179666658635
2024-01-15 09:10:00,AA:BB:CC:18:00:01,AP-4,90,50,-71.6,40.89190388138594,24.070179666658635
2024-01-15 09:10:00,AA:BB:CC:18:00:01,AP-5,50,30,-59.3,40.89190388138594,24.070179666658635
2024-01-15 09:10:00,AA:BB:CC:19:00:01,AP-1,10,10,-78.8,75.26847285320295,54.861110930092345
2024-01-15 09:10:00,AA:BB:CC:19:00:01,AP-2,90,10,-68.8,75.26847285320295,54.861110930092345
2024-01-15 09:10:00,AA:BB:CC:19:00:01,AP-3,10,50,-74.3,75.26847285320295,54.861110930092345
2024-01-15 09:10:00,AA:BB:CC:19:00:01,AP-4,90,50,-59.6,75.26847285320295,54.861110930092345
2024-01-15 09:10:00,AA:BB:CC:19:00:01,AP-5,50,30,-66.5,75.26847285320295,54.861110930092345
2024-01-15 09:10:00,AA:BB:CC:1A:00:01,AP-1,10,10,-74.8,47.339954877929706,38.97647745017148
2024-01-15 09:10:00,AA:BB:CC:1A:00:01,AP-2,90,10,-73.5,47.339954877929706,38.97647745017148
2024-01-15 09:10:00,AA:BB:CC:1A:00:01,AP-3,10,50,-70.7,47.339954877929706,38.97647745017148
2024-01-15 09:10:00,AA:BB:CC:1A:00:01,AP-4,90,50,-69.3,47.339954877929706,38.97647745017148
2024-01-15 09:10:00,AA:BB:CC:1A:00:01,AP-5,50,30,-53.4,47.339954877929706,38.97647745017148
2024-01-15 09:10:00,AA:BB:CC:1B:00:01,AP-1,10,10,-67.4,32.08836046820788,38.10808711257418
2024-01-15 09:10:00,AA:BB:CC:1B:00:01,AP-2,90,10,-77.3,32.08836046820788,38.10808711257418
2024-01-15 09:10:00,AA:BB:CC:1B:00:01,AP-3,10,50,-66.4,32.08836046820788,38.10808711257418
2024-01-15 09:10:00,AA:BB:CC:1B:00:01,AP-4,90,50,-76.3,32.08836046820788,38.10808711257418
2024-01-15 09:10:00,AA:BB:CC:1B:00:01,AP-5,50,30,-64.4,32.08836046820788,38.10808711257418
2024-01-15 09:10:00,AA:BB:CC:1C:00:01,AP-1,10,10,-74.0,90.40698482913153,11.494927924402083
2024-01-15 09:10:00,AA:BB:CC:1C:00:01,AP-2,90,10,-38.2,90.40698482913153,11.494927924402083
2024-01-15 09:10:00,AA:BB:CC:1C:00:01,AP-3,10,50,-78.1,90.40698482913153,11.494927924402083
2024-01-15 09:10:00,AA:BB:CC:1C:00:01,AP-4,90,50,-69.2,90.40698482913153,11.494927924402083
2024-01-15 09:10:00,AA:BB:CC:1C:00:01,AP-5,50,30,-70.6,90.40698482913153,11.494927924402083
2024-01-15 09:10:00,AA:BB:CC:1D:00:01,AP-1,10,10,-70.4,44.06684047092715,27.02895424706915
2024-01-15 09:10:00,AA:BB:CC:1D:00:01,AP-2,90,10,-75.7,44.06684047092715,27.02895424706915
2024-01-15 09:10:00,AA:BB:CC:1D:00:01,AP-3,10,50,-74.9,44.06684047092715,27.02895424706915
2024-01-15 09:10:00,AA:BB:CC:1D:00:01,AP-4,90,50,-73.2,44.06684047092715,27.02895424706915
2024-01-15 09:10:00,AA:BB:CC:1D:00:01,AP-5,50,30,-48.3,44.06684047092715,27.02895424706915
2024-01-15 09:10:00,AA:BB:CC:1E:00:01,AP-1,10,10,-59.8,13.145443728937316,21.959699309060902
2024-01-15 09:10:00,AA:BB:CC:1E:00:01,AP-2,90,10,-77.3,13.145443728937316,21.959699309060902
2024-01-15 09:10:00,AA:BB:CC:1E:00:01,AP-3,10,50,-68.7,13.145443728937316,21.959699309060902
2024-01-15 09:10:00,AA:BB:CC:1E:00:01,AP-4,90,50,-77.2,13.145443728937316,21.959699309060902
2024-01-15 09:10:00,AA:BB:CC:1E:00:01,AP-5,50,30,-68.0,13.145443728937316,21.959699309060902
2024-01-15 09:10:00,AA:BB:CC:1F:00:01,AP-1,10,10,-66.4,31.240188416979702,10.402912570273216
2024-01-15 09:10:00,AA:BB:CC:1F:00:01,AP-2,90,10,-74.2,31.240188416979702,10.402912570273216
2024-01-15 09:10:00,AA:BB:CC:1F:00:01,AP-3,10,50,-68.4,31.240188416979702,10.402912570273216
2024-01-15 09:10:00,AA:BB:CC:1F:00:01,AP-4,90,50,-76.2,31.240188416979702,10.402912570273216
2024-01-15 09:10:00,AA:BB:CC:1F:00:01,AP-5,50,30,-68.7,31.240188416979702,10.402912570273216
2024-01-15 09:10:00,AA:BB:CC:20:00:01,AP-1,10,10,-70.5,54.38708214820152,15.938605791977324
2024-01-15 09:10:00,AA:BB:CC:20:00:01,AP-2,90,10,-68.5,54.38708214820152,15.938605791977324
2024-01-15 09:10:00,AA:BB:CC:20:00:01,AP-3,10,50,-77.1,54.38708214820152,15.938605791977324
2024-01-15 09:10:00,AA:BB:CC:20:00:01,AP-4,90,50,-73.2,54.38708214820152,15.938605791977324
2024-01-15 09:10:00,AA:BB:CC:20:00:01,AP-5,50,30,-58.5,54.38708214820152,15.938605791977324
2024-01-15 09:10:00,AA:BB:CC:21:00:01,AP-1,10,10,-62.1,30.684968596333178,21.097849462231192
2024-01-15 09:10:00,AA:BB:CC:21:00:01,AP-2,90,10,-75.0,30.684968596333178,21.097849462231192
2024-01-15 09:10:00,AA:BB:CC:21:00:01,AP-3,10,50,-70.0,30.684968596333178,21.097849462231192
2024-01-15 09:10:00,AA:BB:CC:21:00:01,AP-4,90,50,-71.0,30.684968596333178,21.097849462231192
2024-01-15 09:10:00,AA:BB:CC:21:00:01,AP-5,50,30,-64.4,30.684968596333178,21.097849462231192
2024-01-15 09:10:00,AA:BB:CC:22:00:01,AP-1,10,10,-61.4,30.78538292663542,17.45023560899385
2024-01-15 09:10:00,AA:BB:CC:22:00:01,AP-2,90,10,-75.0,30.78538292663542,17.45023560899385
2024-01-15 09:10:00,AA:BB:CC:22:00:01,AP-3,10,50,-67.1,30.78538292663542,17.45023560899385
2024-01-15 09:10:00,AA:BB:CC:22:00:01,AP-4,90,50,-76.5,30.78538292663542,17.45023560899385
2024-01-15 09:10:00,AA:BB:CC:22:00:01,AP-5,50,30,-64.0,30.78538292663542,17.45023560899385
2024-01-15 09:10:00,AA:BB:CC:23:00:01,AP-1,10,10,-71.5,49.61195829772228,7.567476508060311
2024-01-15 09:10:00,AA:BB:CC:23:00:01,AP-2,90,10,-68.6,49.61195829772228,7.567476508060311
2024-01-15 09:10:00,AA:BB:CC:23:00:01,AP-3,10,50,-75.1,49.61195829772228,7.567476508060311
2024-01-15 09:10:00,AA:BB:CC:23:00:01,AP-4,90,50,-75.0,49.61195829772228,7.567476508060311
2024-01-15 09:10:00,AA:BB:CC:23:00:01,AP-5,50,30,-64.9,49.61195829772228,7.567476508060311
2024-01-15 09:10:00,AA:BB:CC:24:00:01,AP-1,10,10,-72.5,17.584412819170378,56.97218749690053
2024-01-15 09:10:00,AA:BB:CC:24:00:01,AP-2,90,10,-76.9,17.584412819170378,56.97218749690053
2024-01-15 09:10:00,AA:BB:CC:24:00:01,AP-3,10,50,-55.7,17.584412819170378,56.97218749690053
2024-01-15 09:10:00,AA:BB:CC:24:00:01,AP-4,90,50,-78.9,17.584412819170378,56.97218749690053
2024-01-15 09:10:00,AA:BB:CC:24:00:01,AP-5,50,30,-68.4,17.584412819170378,56.97218749690053
2024-01-15 09:10:00,AA:BB:CC:25:00:01,AP-1,10,10,-69.8,8.699195883041394,43.80704296260297
2024-01-15 09:10:00,AA:BB:CC:25:00:01,AP-2,90,10,-76.6,8.699195883041394,43.80704296260297
2024-01-15 09:10:00,AA:BB:CC:25:00:01,AP-3,10,50,-52.1,8.699195883041394,43.80704296260297
2024-01-15 09:10:00,AA:BB:CC:25:00:01,AP-4,90,50,-78.0,8.699195883041394,43.80704296260297
2024-01-15 09:10:00,AA:BB:CC:25:00:01,AP-5,50,30,-68.6,8.699195883041394,43.80704296260297
2024-01-15 09:10:00,AA:BB:CC:26:00:01,AP-1,10,10,-72.6,67.53924853947082,44.46137039028493
2024-01-15 09:10:00,AA:BB:CC:26:00:01,AP-2,90,10,-68.0,67.53924853947082,44.46137039028493
2024-01-15 09:10:00,AA:BB:CC:26:00:01,AP-3,10,50,-76.2,67.53924853947082,44.46137039028493
2024-01-15 09:10:00,AA:BB:CC:26:00:01,AP-4,90,50,-63.2,67.53924853947082,44.46137039028493
2024-01-15 09:10:00,AA:BB:CC:26:00:01,AP-5,50,30,-62.6,67.53924853947082,44.46137039028493
2024-01-15 09:10:00,AA:BB:CC:27:00:01,AP-1,10,10,-75.9,75.67820749876822,38.71739318823278
2024-01-15 09:10:00,AA:BB:CC:27:00:01,AP-2,90,10,-65.5,75.67820749876822,38.71739318823278
2024-01-15 09:10:00,AA:BB:CC:27:00:01,AP-3,10,50,-76.7,75.67820749876822,38.71739318823278
2024-01-15 09:10:00,AA:BB:CC:27:00:01,AP-4,90,50,-62.7,75.67820749876822,38.71739318823278
2024-01-15 09:10:00,AA:BB:CC:27:00:01,AP-5,50,30,-66.4,75.67820749876822,38.71739318823278
2024-01-15 09:20:00,AA:BB:CC:00:00:01,AP-1,10,10,-76.4,66.42678304812875,39.58845798500977
2024-01-15 09:20:00,AA:BB:CC:00:00:01,AP-2,90,10,-68.7,66.42678304812875,39.58845798500977
2024-01-15 09:20:00,AA:BB:CC:00:00:01,AP-3,10,50,-70.4,66.42678304812875,39.58845798500977
2024-01-15 09:20:00,AA:BB:CC:00:00:01,AP-4,90,50,-66.5,66.42678304812875,39.58845798500977
2024-01-15 09:20:00,AA:BB:CC:00:00:01,AP-5,50,30,-62.5,66.42678304812875,39.58845798500977
2024-01-15 09:20:00,AA:BB:CC:01:00:01,AP-1,10,10,-78.4,81.17150354736822,50.05657563071776
2024-01-15 09:20:00,AA:BB:CC:01:00:01,AP-2,90,10,-69.6,81.17150354736822,50.05657563071776
2024-01-15 09:20:00,AA:BB:CC:01:00:01,AP-3,10,50,-76.7,81.17150354736822,50.05657563071776
2024-01-15 09:20:00,AA:BB:CC:01:00:01,AP-4,90,50,-52.9,81.17150354736822,50.05657563071776
2024-01-15 09:20:00,AA:BB:CC:01:00:01,AP-5,50,30,-71.9,81.17150354736822,50.05657563071776
2024-01-15 09:20:00,AA:BB:CC:02:00:01,AP-1,10,10,-72.2,54.93913210434809,54.1565511235981
2024-01-15 09:20:00,AA:BB:CC:02:00:01,AP-2,90,10,-74.2,54.93913210434809,54.1565511235981
2024-01-15 09:20:00,AA:BB:CC:02:00:01,AP-3,10,50,-73.1,54.93913210434809,54.1565511235981
2024-01-15 09:20:00,AA:BB:CC:02:00:01,AP-4,90,50,-71.9,54.93913210434809,54.1565511235981
2024-01-15 09:20:00,AA:BB:CC:02:00:01,AP-5,50,30,-64.8,54.93913210434809,54.1565511235981
2024-01-15 09:20:00,AA:BB:CC:03:00:01,AP-1,10,10,-75.0,68.1245378757948,16.519649875958123
2024-01-15 09:20:00,AA:BB:CC:03:00:01,AP-2,90,10,-65.5,68.1245378757948,16.519649875958123
2024-01-15 09:20:00,AA:BB:CC:03:00:01,AP-3,10,50,-72.6,68.1245378757948,16.519649875958123
2024-01-15 09:20:00,AA:BB:CC:03:00:01,AP-4,90,50,-70.2,68.1245378757948,16.519649875958123
2024-01-15 09:20:00,AA:BB:CC:03:00:01,AP-5,50,30,-62.9,68.1245378757948,16.519649875958123
2024-01-15 09:20:00,AA:BB:CC:04:00:01,AP-1,10,10,-79.0,75.69967171167625,11.073434347578281
2024-01-15 09:20:00,AA:BB:CC:04:00:01,AP-2,90,10,-59.1,75.69967171167625,11.073434347578281
2024-01-15 09:20:00,AA:BB:CC:04:00:01,AP-3,10,50,-76.4,75.69967171167625,11.073434347578281
2024-01-15 09:20:00,AA:BB:CC:04:00:01,AP-4,90,50,-70.6,75.69967171167625,11.073434347578281
2024-01-15 09:20:00,AA:BB:CC:04:00:01,AP-5,50,30,-69.4,75.69967171167625,11.073434347578281
2024-01-15 09:20:00,AA:BB:CC:05:00:01,AP-1,10,10,-66.7,32.12906282491599,26.64388282785498
2024-01-15 09:20:00,AA:BB:CC:05:00:01,AP-2,90,10,-77.3,32.12906282491599,26.64388282785498
2024-01-15 09:20:00,AA:BB:CC:05:00:01,AP-3,10,50,-68.0,32.12906282491599,26.64388282785498
2024-01-15 09:20:00,AA:BB:CC:05:00:01,AP-4,90,50,-72.3,32.12906282491599,26.64388282785498
2024-01-15 09:20:00,AA:BB:CC:05:00:01,AP-5,50,30,-62.8,32.12906282491599,26.64388282785498
2024-01-15 09:20:00,AA:BB:CC:06:00:01,AP-1,10,10,-61.8,26.828298969349948,16.767325944089592
2024-01-15 09:20:00,AA:BB:CC:06:00:01,AP-2,90,10,-76.1,26.828298969349948,16.767325944089592
2024-01-15 09:20:00,AA:BB:CC:06:00:01,AP-3,10,50,-68.0,26.828298969349948,16.767325944089592
2024-01-15 09:20:00,AA:BB:CC:06:00:01,AP-4,90,50,-76.6,26.828298969349948,16.767325944089592
2024-01-15 09:20:00,AA:BB:CC:06:00:01,AP-5,50,30,-64.2,26.828298969349948,16.767325944089592
2024-01-15 09:20:00,AA:BB:CC:07:00:01,AP-1,10,10,-75.7,48.97792710714674,50.89436559414053
2024-01-15 09:20:00,AA:BB:CC:07:00:01,AP-2,90,10,-72.8,48.97792710714674,50.89436559414053
2024-01-15 09:20:00,AA:BB:CC:07:00:01,AP-3,10,50,-70.7,48.97792710714674,50.89436559414053
2024-01-15 09:20:00,AA:BB:CC:07:00:01,AP-4,90,50,-69.6,48.97792710714674,50.89436559414053
2024-01-15 09:20:00,AA:BB:CC:07:00:01,AP-5,50,30,-64.7,48.97792710714674,50.89436559414053
2024-01-15 09:20:00,AA:BB:CC:08:00:01,AP-1,10,10,-76.3,97.25123495999875,32.07427813704771
2024-01-15 09:20:00,AA:BB:CC:08:00:01,AP-2,90,10,-62.8,97.25123495999875,32.07427813704771
2024-01-15 09:20:00,AA:BB:CC:08:00:01,AP-3,10,50,-76.3,97.25123495999875,32.07427813704771
2024-01-15 09:20:00,AA:BB:CC:08:00:01,AP-4,90,50,-65.4,97.25123495999875,32.07427813704771
2024-01-15 09:20:00,AA:BB:CC:08:00:01,AP-5,50,30,-72.5,97.25123495999875,32.07427813704771
2024-01-15 09:20:00,AA:BB:CC:09:00:01,AP-1,10,10,-77.0,65.51372699717848,51.46202416141366
2024-01-15 09:20:00,AA:BB:CC:09:00:01,AP-2,90,10,-74.0,65.51372699717848,51.46202416141366
2024-01-15 09:20:00,AA:BB:CC:09:00:01,AP-3,10,50,-74.6,65.51372699717848,51.46202416141366
2024-01-15 09:20:00,AA:BB:CC:09:00:01,AP-4,90,50,-67.2,65.51372699717848,51.46202416141366
2024-01-15 09:20:00,AA:BB:CC:09:00:01,AP-5,50,30,-68.4,65.51372699717848,51.46202416141366
2024-01-15 09:20:00,AA:BB:CC:0A:00:01,AP-1,10,10,-60.9,23.74509406326581,21.91787853952739
2024-01-15 09:20:00,AA:BB:CC:0A:00:01,AP-2,90,10,-76.5,23.74509406326581,21.91787853952739
2024-01-15 09:20:00,AA:BB:CC:0A:00:01,AP-3,10,50,-68.4,23.74509406326581,21.91787853952739
2024-01-15 09:20:00,AA:BB:CC:0A:00:01,AP-4,90,50,-78.8,23.74509406326581,21.91787853952739
2024-01-15 09:20:00,AA:BB:CC:0A:00:01,AP-5,50,30,-69.3,23.74509406326581,21.91787853952739
2024-01-15 09:20:00,AA:BB:CC:0B:00:01,AP-1,10,10,-78.1,89.1705531105596,53.937454996616225
2024-01-15 09:20:00,AA:BB:CC:0B:00:01,AP-2,90,10,-66.0,89.1705531105596,53.937454996616225
2024-01-15 09:20:00,AA:BB:CC:0B:00:01,AP-3,10,50,-76.1,89.1705531105596,53.937454996616225
2024-01-15 09:20:00,AA:BB:CC:0B:00:01,AP-4,90,50,-45.9,89.1705531105596,53.937454996616225
2024-01-15 09:20:00,AA:BB:CC:0B:00:01,AP-5,50,30,-71.8,89.1705531105596,53.937454996616225
2024-01-15 09:20:00,AA:BB:CC:0C:00:01,AP-1,10,10,-74.2,65.83830843550936,18.077284596340252
2024-01-15 09:20:00,AA:BB:CC:0C:00:01,AP-2,90,10,-65.2,65.83830843550936,18.077284596340252
2024-01-15 09:20:00,AA:BB:CC:0C:00:01,AP-3,10,50,-79.1,65.83830843550936,18.077284596340252
2024-01-15 09:20:00,AA:BB:CC:0C:00:01,AP-4,90,50,-67.5,65.83830843550936,18.077284596340252
2024-01-15 09:20:00,AA:BB:CC:0C:00:01,AP-5,50,30,-58.5,65.83830843550936,18.077284596340252
2024-01-15 09:20:00,AA:BB:CC:0D:00:01,AP-1,10,10,-67.9,21.23804798339683,47.62369089984049
2024-01-15 09:20:00,AA:BB:CC:0D:00:01,AP-2,90,10,-76.3,21.23804798339683,47.62369089984049
2024-01-15 09:20:00,AA:BB:CC:0D:00:01,AP-3,10,50,-54.0,21.23804798339683,47.62369089984049
2024-01-15 09:20:00,AA:BB:CC:0D:00:01,AP-4,90,50,-73.2,21.23804798339683,47.62369089984049
2024-01-15 09:20:00,AA:BB:CC:0D:00:01,AP-5,50,30,-66.8,21.23804798339683,47.62369089984049
2024-01-15 09:20:00,AA:BB:CC:0E:00:01,AP-1,10,10,-77.4,87.37065312628734,28.561322633196923
2024-01-15 09:20:00,AA:BB:CC:0E:00:01,AP-2,90,10,-64.0,87.37065312628734,28.561322633196923
2024-01-15 09:20:00,AA:BB:CC:0E:00:01,AP-3,10,50,-75.6,87.37065312628734,28.561322633196923
2024-01-15 09:20:00,AA:BB:CC:0E:00:01,AP-4,90,50,-62.0,87.37065312628734,28.561322633196923
2024-01-15 09:20:00,AA:BB:CC:0E:00:01,AP-5,50,30,-67.4,87.37065312628734,28.561322633196923
2024-01-15 09:20:00,AA:BB:CC:0F:00:01,AP-1,10,10,-69.6,42.01063738432614,27.562673215225793
2024-01-15 09:20:00,AA:BB:CC:0F:00:01,AP-2,90,10,-73.2,42.01063738432614,27.562673215225793
2024-01-15 09:20:00,AA:BB:CC:0F:00:01,AP-3,10,50,-68.3,42.01063738432614,27.562673215225793
2024-01-15 09:20:00,AA:BB:CC:0F:00:01,AP-4,90,50,-71.1,42.01063738432614,27.562673215225793
2024-01-15 09:20:00,AA:BB:CC:0F:00:01,AP-5,50,30,-52.3,42.01063738432614,27.562673215225793
2024-01-15 09:20:00,AA:BB:CC:10:00:01,AP-1,10,10,-72.7,65.04824659477596,5.640153600792112
2024-01-15 09:20:00,AA:BB:CC:10:00:01,AP-2,90,10,-63.7,65.04824659477596,5.640153600792112
2024-01-15 09:20:00,AA:BB:CC:10:00:01,AP-3,10,50,-77.3,65.04824659477596,5.640153600792112
2024-01-15 09:20:00,AA:BB:CC:10:00:01,AP-4,90,50,-72.4,65.04824659477596,5.640153600792112
2024-01-15 09:20:00,AA:BB:CC:10:00:01,AP-5,50,30,-67.5,65.04824659477596,5.640153600792112
2024-01-15 09:20:00,AA:BB:CC:11:00:01,AP-1,10,10,-76.1,86.12177523688311,3.5643727481551837
2024-01-15 09:20:00,AA:BB:CC:11:00:01,AP-2,90,10,-50.6,86.12177523688311,3.5643727481551837
2024-01-15 09:20:00,AA:BB:CC:11:00:01,AP-3,10,50,-82.6,86.12177523688311,3.5643727481551837
2024-01-15 09:20:00,AA:BB:CC:11:00:01,AP-4,90,50,-72.0,86.12177523688311,3.5643727481551837
2024-01-15 09:20:00,AA:BB:CC:11:00:01,AP-5,50,30,-74.7,86.12177523688311,3.5643727481551837
2024-01-15 09:20:00,AA:BB:CC:12:00:01,AP-1,10,10,-75.2,58.98726875818641,14.551697689201923
2024-01-15 09:20:00,AA:BB:CC:12:00:01,AP-2,90,10,-65.1,58.98726875818641,14.551697689201923
2024-01-15 09:20:00,AA:BB:CC:12:00:01,AP-3,10,50,-75.7,58.98726875818641,14.551697689201923
2024-01-15 09:20:00,AA:BB:CC:12:00:01,AP-4,90,50,-70.8,58.98726875818641,14.551697689201923
2024-01-15 09:20:00,AA:BB:CC:12:00:01,AP-5,50,30,-65.3,58.98726875818641,14.551697689201923
2024-01-15 09:20:00,AA:BB:CC:13:00:01,AP-1,10,10,-45.9,7.363388110166564,8.208873934336076
2024-01-15 09:20:00,AA:BB:CC:13:00:01,AP-2,90,10,-78.2,7.363388110166564,8.208873934336076
2024-01-15 09:20:00,AA:BB:CC:13:00:01,AP-3,10,50,-73.3,7.363388110166564,8.208873934336076
2024-01-15 09:20:00,AA:BB:CC:13:00:01,AP-4,90,50,-76.1,7.363388110166564,8.208873934336076
2024-01-15 09:20:00,AA:BB:CC:13:00:01,AP-5,50,30,-73.9,7.363388110166564,8.208873934336076
2024-01-15 09:20:00,AA:BB:CC:14:00:01,AP-1,10,10,-73.3,64.62854622083415,21.374441241315168
2024-01-15 09:20:00,AA:BB:CC:14:00:01,AP-2,90,10,-67.0,64.62854622083415,21.374441241315168
2024-01-15 09:20:00,AA:BB:CC:14:00:01,AP-3,10,50,-73.5,64.62854622083415,21.374441241315168
2024-01-15 09:20:00,AA:BB:CC:14:00:01,AP-4,90,50,-69.0,64.62854622083415,21.374441241315168
2024-01-15 09:20:00,AA:BB:CC:14:00:01,AP-5,50,30,-60.7,64.62854622083415,21.374441241315168
2024-01-15 09:20:00,AA:BB:CC:15:00:01,AP-1,10,10,-68.2,33.71185137672846,28.109697426444676
2024-01-15 09:20:00,AA:BB:CC:15:00:01,AP-2,90,10,-74.8,33.71185137672846,28.109697426444676
2024-01-15 09:20:00,AA:BB:CC:15:00:01,AP-3,10,50,-67.2,33.71185137672846,28.109697426444676
2024-01-15 09:20:00,AA:BB:CC:15:00:01,AP-4,90,50,-77.3,33.71185137672846,28.109697426444676
2024-01-15 09:20:00,AA:BB:CC:15:00:01,AP-5,50,30,-60.2,33.71185137672846,28.109697426444676
2024-01-15 09:20:00,AA:BB:CC:16:00:01,AP-1,10,10,-71.3,57.40614186052573,17.974012203051135
2024-01-15 09:20:00,AA:BB:CC:16:00:01,AP-2,90,10,-67.5,57.40614186052573,17.974012203051135
2024-01-15 09:20:00,AA:BB:CC:16:00:01,AP-3,10,50,-70.1,57.40614186052573,17.974012203051135
2024-01-15 09:20:00,AA:BB:CC:16:00:01,AP-4,90,50,-72.1,57.40614186052573,17.974012203051135
2024-01-15 09:20:00,AA:BB:CC:16:00:01,AP-5,50,30,-57.9,57.40614186052573,17.974012203051135
2024-01-15 09:20:00,AA:BB:CC:17:00:01,AP-1,10,10,-76.8,94.10425542711403,36.87086572428936
2024-01-15 09:20:00,AA:BB:CC:17:00:01,AP-2,90,10,-64.4,94.10425542711403,36.87086572428936
2024-01-15 09:20:00,AA:BB:CC:17:00:01,AP-3,10,50,-80.1,94.10425542711403,36.87086572428936
2024-01-15 09:20:00,AA:BB:CC:17:00:01,AP-4,90,50,-60.8,94.10425542711403,36.87086572428936
2024-01-15 09:20:00,AA:BB:CC:17:00:01,AP-5,50,30,-70.7,94.10425542711403,36.87086572428936
2024-01-15 09:20:00,AA:BB:CC:18:00:01,AP-1,10,10,-60.9,20.171302458455312,19.088713688888436
2024-01-15 09:20:00,AA:BB:CC:18:00:01,AP-2,90,10,-75.4,20.171302458455312,19.088713688888436
2024-01-15 09:20:00,AA:BB:CC:18:00:01,AP-3,10,50,-71.5,20.171302458455312,19.088713688888436
2024-01-15 09:20:00,AA:BB:CC:18:00:01,AP-4,90,50,-76.7,20.171302458455312,19.088713688888436
2024-01-15 09:20:00,AA:BB:CC:18:00:01,AP-5,50,30,-67.3,20.171302458455312,19.088713688888436
2024-01-15 09:20:00,AA:BB:CC:19:00:01,AP-1,10,10,-68.4,45.3792560758065,3.784536468853947
2024-01-15 09:20:00,AA:BB:CC:19:00:01,AP-2,90,10,-70.7,45.3792560758065,3.784536468853947
2024-01-15 09:20:00,AA:BB:CC:19:00:01,AP-3,10,50,-72.9,45.3792560758065,3.784536468853947
2024-01-15 09:20:00,AA:BB:CC:19:00:01,AP-4,90,50,-73.0,45.3792560758065,3.784536468853947
2024-01-15 09:20:00,AA:BB:CC:19:00:01,AP-5,50,30,-64.0,45.3792560758065,3.784536468853947
2024-01-15 09:20:00,AA:BB:CC:1A:00:01,AP-1,10,10,-74.6,44.682754031819584,3.9871463185251477
2024-01-15 09:20:00,AA:BB:CC:1A:00:01,AP-2,90,10,-69.1,44.682754031819584,3.9871463185251477
2024-01-15 09:20:00,AA:BB:CC:1A:00:01,AP-3,10,50,-76.0,44.682754031819584,3.9871463185251477
2024-01-15 09:20:00,AA:BB:CC:1A:00:01,AP-4,90,50,-75.6,44.682754031819584,3.9871463185251477
2024-01-15 09:20:00,AA:BB:CC:1A:00:01,AP-5,50,30,-60.8,44.682754031819584,3.9871463185251477
2024-01-15 09:20:00,AA:BB:CC:1B:00:01,AP-1,10,10,-69.8,42.9241838975572,39.83214681019819
2024-01-15 09:20:00,AA:BB:CC:1B:00:01,AP-2,90,10,-71.4,42.9241838975572,39.83214681019819
2024-01-15 09:20:00,AA:BB:CC:1B:00:01,AP-3,10,50,-70.5,42.9241838975572,39.83214681019819
2024-01-15 09:20:00,AA:BB:CC:1B:00:01,AP-4,90,50,-73.6,42.9241838975572,39.83214681019819
2024-01-15 09:20:00,AA:BB:CC:1B:00:01,AP-5,50,30,-56.2,42.9241838975572,39.83214681019819
2024-01-15 09:20:00,AA:BB:CC:1C:00:01,AP-1,10,10,-69.5,65.66677776562086,17.498473291758522
2024-01-15 09:20:00,AA:BB:CC:1C:00:01,AP-2,90,10,-67.0,65.66677776562086,17.498473291758522
2024-01-15 09:20:00,AA:BB:CC:1C:00:01,AP-3,10,50,-76.1,65.66677776562086,17.498473291758522
2024-01-15 09:20:00,AA:BB:CC:1C:00:01,AP-4,90,50,-73.2,65.66677776562086,17.498473291758522
2024-01-15 09:20:00,AA:BB:CC:1C:00:01,AP-5,50,30,-63.0,65.66677776562086,17.498473291758522
2024-01-15 09:20:00,AA:BB:CC:1D:00:01,AP-1,10,10,-64.8,33.853723177493634,2.1728063671686924
2024-01-15 09:20:00,AA:BB:CC:1D:00:01,AP-2,90,10,-71.1,33.853723177493634,2.1728063671686924
2024-01-15 09:20:00,AA:BB:CC:1D:00:01,AP-3,10,50,-75.1,33.853723177493634,2.1728063671686924
2024-01-15 09:20:00,AA:BB:CC:1D:00:01,AP-4,90,50,-74.9,33.853723177493634,2.1728063671686924
2024-01-15 09:20:00,AA:BB:CC:1D:00:01,AP-5,50,30,-67.6,33.853723177493634,2.1728063671686924
2024-01-15 09:20:00,AA:BB:CC:1E:00:01,AP-1,10,10,-75.6,88.97875056277641,42.04216969954189
2024-01-15 09:20:00,AA:BB:CC:1E:00:01,AP-2,90,10,-65.5,88.97875056277641,42.04216969954189
2024-01-15 09:20:00,AA:BB:CC:1E:00:01,AP-3,10,50,-76.5,88.97875056277641,42.04216969954189
2024-01-15 09:20:00,AA:BB:CC:1E:00:01,AP-4,90,50,-52.0,88.97875056277641,42.04216969954189
2024-01-15 09:20:00,AA:BB:CC:1E:00:01,AP-5,50,30,-68.3,88.97875056277641,42.04216969954189
2024-01-15 09:20:00,AA:BB:CC:1F:00:01,AP-1,10,10,-65.5,35.127264384580016,27.307275172893526
2024-01-15 09:20:00,AA:BB:CC:1F:00:01,AP-2,90,10,-72.7,35.127264384580016,27.307275172893526
2024-01-15 09:20:00,AA:BB:CC:1F:00:01,AP-3,10,50,-68.5,35.127264384580016,27.307275172893526
2024-01-15 09:20:00,AA:BB:CC:1F:00:01,AP-4,90,50,-76.8,35.127264384580016,27.307275172893526
2024-01-15 09:20:00,AA:BB:CC:1F:00:01,AP-5,50,30,-61.7,35.127264384580016,27.307275172893526
2024-01-15 09:20:00,AA:BB:CC:20:00:01,AP-1,10,10,-62.2,2.1377670356321055,29.64765694826894
2024-01-15 09:20:00,AA:BB:CC:20:00:01,AP-2,90,10,-76.9,2.1377670356321055,29.64765694826894
2024-01-15 09:20:00,AA:BB:CC:20:00:01,AP-3,10,50,-64.2,2.1377670356321055,29.64765694826894
2024-01-15 09:20:00,AA:BB:CC:20:00:01,AP-4,90,50,-76.9,2.1377670356321055,29.64765694826894
2024-01-15 09:20:00,AA:BB:CC:20:00:01,AP-5,50,30,-68.0,2.1377670356321055,29.64765694826894
2024-01-15 09:20:00,AA:BB:CC:21:00:01,AP-1,10,10,-77.3,87.16787725165258,31.909925414458183
2024-01-15 09:20:00,AA:BB:CC:21:00:01,AP-2,90,10,-66.9,87.16787725165258,31.909925414458183
2024-01-15 09:20:00,AA:BB:CC:21:00:01,AP-3,10,50,-74.6,87.16787725165258,31.909925414458183
2024-01-15 09:20:00,AA:BB:CC:21:00:01,AP-4,90,50,-62.3,87.16787725165258,31.909925414458183
2024-01-15 09:20:00,AA:BB:CC:21:00:01,AP-5,50,30,-69.3,87.16787725165258,31.909925414458183
2024-01-15 09:20:00,AA:BB:CC:22:00:01,AP-1,10,10,-65.5,42.72686960031734,14.848474654836274
2024-01-15 09:20:00,AA:BB:CC:22:00:01,AP-2,90,10,-71.5,42.72686960031734,14.848474654836274
2024-01-15 09:20:00,AA:BB:CC:22:00:01,AP-3,10,50,-72.8,42.72686960031734,14.848474654836274
2024-01-15 09:20:00,AA:BB:CC:22:00:01,AP-4,90,50,-75.5,42.72686960031734,14.848474654836274
2024-01-15 09:20:00,AA:BB:CC:22:00:01,AP-5,50,30,-62.5,42.72686960031734,14.848474654836274
2024-01-15 09:20:00,AA:BB:CC:23:00:01,AP-1,10,10,-67.9,37.36746969760337,12.824156062941132
2024-01-15 09:20:00,AA:BB:CC:23:00:01,AP-2,90,10,-73.3,37.36746969760337,12.824156062941132
2024-01-15 09:20:00,AA:BB:CC:23:00:01,AP-3,10,50,-69.9,37.36746969760337,12.824156062941132
2024-01-15 09:20:00,AA:BB:CC:23:00:01,AP-4,90,50,-74.0,37.36746969760337,12.824156062941132
2024-01-15 09:20:00,AA:BB:CC:23:00:01,AP-5,50,30,-66.3,37.36746969760337,12.824156062941132
2024-01-15 09:20:00,AA:BB:CC:24:00:01,AP-1,10,10,-50.0,14.640861597096798,6.725218873787061
2024-01-15 09:20:00,AA:BB:CC:24:00:01,AP-2,90,10,-73.2,14.640861597096798,6.725218873787061
2024-01-15 09:20:00,AA:BB:CC:24:00:01,AP-3,10,50,-69.0,14.640861597096798,6.725218873787061
2024-01-15 09:20:00,AA:BB:CC:24:00:01,AP-4,90,50,-81.0,14.640861597096798,6.725218873787061
2024-01-15 09:20:00,AA:BB:CC:24:00:01,AP-5,50,30,-72.3,14.640861597096798,6.725218873787061
2024-01-15 09:20:00,AA:BB:CC:25:00:01,AP-1,10,10,-76.8,72.44244426227559,4.807201782019299
2024-01-15 09:20:00,AA:BB:CC:25:00:01,AP-2,90,10,-62.5,72.44244426227559,4.807201782019299
2024-01-15 09:20:00,AA:BB:CC:25:00:01,AP-3,10,50,-77.9,72.44244426227559,4.807201782019299
2024-01-15 09:20:00,AA:BB:CC:25:00:01,AP-4,90,50,-70.6,72.44244426227559,4.807201782019299
2024-01-15 09:20:00,AA:BB:CC:25:00:01,AP-5,50,30,-67.6,72.44244426227559,4.807201782019299
2024-01-15 09:20:00,AA:BB:CC:26:00:01,AP-1,10,10,-70.9,49.961512927408606,7.665380324749976
2024-01-15 09:20:00,AA:BB:CC:26:00:01,AP-2,90,10,-68.9,49.961512927408606,7.665380324749976
2024-01-15 09:20:00,AA:BB:CC:26:00:01,AP-3,10,50,-72.0,49.961512927408606,7.665380324749976
2024-01-15 09:20:00,AA:BB:CC:26:00:01,AP-4,90,50,-73.5,49.961512927408606,7.665380324749976
2024-01-15 09:20:00,AA:BB:CC:26:00:01,AP-5,50,30,-66.6,49.961512927408606,7.665380324749976
2024-01-15 09:20:00,AA:BB:CC:27:00:01,AP-1,10,10,-77.8,79.70468680992207,21.14499898673926
2024-01-15 09:20:00,AA:BB:CC:27:00:01,AP-2,90,10,-56.2,79.70468680992207,21.14499898673926
2024-01-15 09:20:00,AA:BB:CC:27:00:01,AP-3,10,50,-76.7,79.70468680992207,21.14499898673926
2024-01-15 09:20:00,AA:BB:CC:27:00:01,AP-4,90,50,-67.4,79.70468680992207,21.14499898673926
2024-01-15 09:20:00,AA:BB:CC:27:00:01,AP-5,50,30,-65.8,79.70468680992207,21.14499898673926
2024-01-15 09:30:00,AA:BB:CC:00:00:01,AP-1,10,10,-68.6,47.25445344227485,12.263913216644413
2024-01-15 09:30:00,AA:BB:CC:00:00:01,AP-2,90,10,-72.2,47.25445344227485,12.263913216644413
2024-01-15 09:30:00,AA:BB:CC:00:00:01,AP-3,10,50,-76.4,47.25445344227485,12.263913216644413
2024-01-15 09:30:00,AA:BB:CC:00:00:01,AP-4,90,50,-74.5,47.25445344227485,12.263913216644413
2024-01-15 09:30:00,AA:BB:CC:00:00:01,AP-5,50,30,-64.3,47.25445344227485,12.263913216644413
2024-01-15 09:30:00,AA:BB:CC:01:00:01,AP-1,10,10,-71.0,22.411836554454492,57.92513391087071
2024-01-15 09:30:00,AA:BB:CC:01:00:01,AP-2,90,10,-79.2,22.411836554454492,57.92513391087071
2024-01-15 09:30:00,AA:BB:CC:01:00:01,AP-3,10,50,-58.0,22.411836554454492,57.92513391087071
2024-01-15 09:30:00,AA:BB:CC:01:00:01,AP-4,90,50,-76.2,22.411836554454492,57.92513391087071
2024-01-15 09:30:00,AA:BB:CC:01:00:01,AP-5,50,30,-71.0,22.411836554454492,57.92513391087071
2024-01-15 09:30:00,AA:BB:CC:02:00:01,AP-1,10,10,-72.4,28.01353986363045,53.97529283575685
2024-01-15 09:30:00,AA:BB:CC:02:00:01,AP-2,90,10,-77.5,28.01353986363045,53.97529283575685
2024-01-15 09:30:00,AA:BB:CC:02:00:01,AP-3,10,50,-62.6,28.01353986363045,53.97529283575685
2024-01-15 09:30:00,AA:BB:CC:02:00:01,AP-4,90,50,-73.6,28.01353986363045,53.97529283575685
2024-01-15 09:30:00,AA:BB:CC:02:00:01,AP-5,50,30,-68.0,28.01353986363045,53.97529283575685
2024-01-15 09:30:00,AA:BB:CC:03:00:01,AP-1,10,10,-43.9,13.680029248473438,10.88771195329561
2024-01-15 09:30:00,AA:BB:CC:03:00:01,AP-2,90,10,-75.6,13.680029248473438,10.88771195329561
2024-01-15 09:30:00,AA:BB:CC:03:00:01,AP-3,10,50,-69.8,13.680029248473438,10.88771195329561
2024-01-15 09:30:00,AA:BB:CC:03:00:01,AP-4,90,50,-81.0,13.680029248473438,10.88771195329561
2024-01-15 09:30:00,AA:BB:CC:03:00:01,AP-5,50,30,-70.2,13.680029248473438,10.88771195329561
2024-01-15 09:30:00,AA:BB:CC:04:00:01,AP-1,10,10,-79.5,97.88712112878545,22.985451613724024
2024-01-15 09:30:00,AA:BB:CC:04:00:01,AP-2,90,10,-59.9,97.88712112878545,22.985451613724024
2024-01-15 09:30:00,AA:BB:CC:04:00:01,AP-3,10,50,-78.0,97.88712112878545,22.985451613724024
2024-01-15 09:30:00,AA:BB:CC:04:00:01,AP-4,90,50,-65.6,97.88712112878545,22.985451613724024
2024-01-15 09:30:00,AA:BB:CC:04:00:01,AP-5,50,30,-74.6,97.88712112878545,22.985451613724024
2024-01-15 09:30:00,AA:BB:CC:05:00:01,AP-1,10,10,-72.8,72.1204814623411,32.98332225694588
2024-01-15 09:30:00,AA:BB:CC:05:00:01,AP-2,90,10,-63.4,72.1204814623411,32.98332225694588
2024-01-15 09:30:00,AA:BB:CC:05:00:01,AP-3,10,50,-72.7,72.1204814623411,32.98332225694588
2024-01-15 09:30:00,AA:BB:CC:05:00:01,AP-4,90,50,-67.5,72.1204814623411,32.98332225694588
2024-01-15 09:30:00,AA:BB:CC:05:00:01,AP-5,50,30,-63.1,72.1204814623411,32.98332225694588
2024-01-15 09:30:00,AA:BB:CC:06:00:01,AP-1,10,10,-70.6,31.660426847134417,44.026455789849415
2024-01-15 09:30:00,AA:BB:CC:06:00:01,AP-2,90,10,-76.5,31.660426847134417,44.026455789849415
2024-01-15 09:30:00,AA:BB:CC:06:00:01,AP-3,10,50,-63.8,31.660426847134417,44.026455789849415
2024-01-15 09:30:00,AA:BB:CC:06:00:01,AP-4,90,50,-73.2,31.660426847134417,44.026455789849415
2024-01-15 09:30:00,AA:BB:CC:06:00:01,AP-5,50,30,-62.2,31.660426847134417,44.026455789849415
2024-01-15 09:30:00,AA:BB:CC:07:00:01,AP-1,10,10,-71.8,56.55064360056551,40.36194234139432
2024-01-15 09:30:00,AA:BB:CC:07:00:01,AP-2,90,10,-69.9,56.55064360056551,40.36194234139432
2024-01-15 09:30:00,AA:BB:CC:07:00:01,AP-3,10,50,-69.2,56.55064360056551,40.36194234139432
2024-01-15 09:30:00,AA:BB:CC:07:00:01,AP-4,90,50,-68.4,56.55064360056551,40.36194234139432
2024-01-15 09:30:00,AA:BB:CC:07:00:01,AP-5,50,30,-56.6,56.55064360056551,40.36194234139432
2024-01-15 09:30:00,AA:BB:CC:08:00:01,AP-1,10,10,-75.0,61.12078359879513,40.03164170807504
2024-01-15 09:30:00,AA:BB:CC:08:00:01,AP-2,90,10,-68.5,61.12078359879513,40.03164170807504
2024-01-15 09:30:00,AA:BB:CC:08:00:01,AP-3,10,50,-72.9,61.12078359879513,40.03164170807504
2024-01-15 09:30:00,AA:BB:CC:08:00:01,AP-4,90,50,-69.3,61.12078359879513,40.03164170807504
2024-01-15 09:30:00,AA:BB:CC:08:00:01,AP-5,50,30,-58.2,61.12078359879513,40.03164170807504
2024-01-15 09:30:00,AA:BB:CC:09:00:01,AP-1,10,10,-62.5,20.436036512261076,23.224765298870594
2024-01-15 09:30:00,AA:BB:CC:09:00:01,AP-2,90,10,-76.8,20.436036512261076,23.224765298870594
2024-01-15 09:30:00,AA:BB:CC:09:00:01,AP-3,10,50,-65.6,20.436036512261076,23.224765298870594
2024-01-15 09:30:00,AA:BB:CC:09:00:01,AP-4,90,50,-77.0,20.436036512261076,23.224765298870594
2024-01-15 09:30:00,AA:BB:CC:09:00:01,AP-5,50,30,-69.9,20.436036512261076,23.224765298870594
2024-01-15 09:30:00,AA:BB:CC:0A:00:01,AP-1,10,10,-67.1,36.19257872403405,21.311182824260257
2024-01-15 09:30:00,AA:BB:CC:0A:00:01,AP-2,90,10,-70.8,36.19257872403405,21.311182824260257
2024-01-15 09:30:00,AA:BB:CC:0A:00:01,AP-3,10,50,-71.2,36.19257872403405,21.311182824260257
2024-01-15 09:30:00,AA:BB:CC:0A:00:01,AP-4,90,50,-73.0,36.19257872403405,21.311182824260257
2024-01-15 09:30:00,AA:BB:CC:0A:00:01,AP-5,50,30,-61.5,36.19257872403405,21.311182824260257
2024-01-15 09:30:00,AA:BB:CC:0B:00:01,AP-1,10,10,-70.7,63.23793267374161,4.678033880927488
2024-01-15 09:30:00,AA:BB:CC:0B:00:01,AP-2,90,10,-65.9,63.23793267374161,4.678033880927488
2024-01-15 09:30:00,AA:BB:CC:0B:00:01,AP-3,10,50,-74.3,63.23793267374161,4.678033880927488
2024-01-15 09:30:00,AA:BB:CC:0B:00:01,AP-4,90,50,-70.0,63.23793267374161,4.678033880927488
2024-01-15 09:30:00,AA:BB:CC:0B:00:01,AP-5,50,30,-67.5,63.23793267374161,4.678033880927488
2024-01-15 09:30:00,AA:BB:CC:0C:00:01,AP-1,10,10,-68.9,43.376058433716814,31.845611088148612
2024-01-15 09:30:00,AA:BB:CC:0C:00:01,AP-2,90,10,-72.3,43.376058433716814,31.845611088148612
2024-01-15 09:30:00,AA:BB:CC:0C:00:01,AP-3,10,50,-68.5,43.376058433716814,31.845611088148612
2024-01-15 09:30:00,AA:BB:CC:0C:00:01,AP-4,90,50,-75.5,43.376058433716814,31.845611088148612
2024-01-15 09:30:00,AA:BB:CC:0C:00:01,AP-5,50,30,-55.0,43.376058433716814,31.845611088148612
2024-01-15 09:30:00,AA:BB:CC:0D:00:01,AP-1,10,10,-77.2,47.58469038218816,46.38713253489201
2024-01-15 09:30:00,AA:BB:CC:0D:00:01,AP-2,90,10,-71.4,47.58469038218816,46.38713253489201
2024-01-15 09:30:00,AA:BB:CC:0D:00:01,AP-3,10,50,-70.8,47.58469038218816,46.38713253489201
2024-01-15 09:30:00,AA:BB:CC:0D:00:01,AP-4,90,50,-70.9,47.58469038218816,46.38713253489201
2024-01-15 09:30:00,AA:BB:CC:0D:00:01,AP-5,50,30,-61.8,47.58469038218816,46.38713253489201
2024-01-15 09:30:00,AA:BB:CC:0E:00:01,AP-1,10,10,-65.4,35.339171257312,27.92668553127175
2024-01-15 09:30:00,AA:BB:CC:0E:00:01,AP-2,90,10,-73.7,35.339171257312,27.92668553127175
2024-01-15 09:30:00,AA:BB:CC:0E:00:01,AP-3,10,50,-70.4,35.339171257312,27.92668553127175
2024-01-15 09:30:00,AA:BB:CC:0E:00:01,AP-4,90,50,-72.0,35.339171257312,27.92668553127175
2024-01-15 09:30:00,AA:BB:CC:0E:00:01,AP-5,50,30,-59.8,35.339171257312,27.92668553127175
2024-01-15 09:30:00,AA:BB:CC:0F:00:01,AP-1,10,10,-74.7,60.17461051957581,18.963725420673747
2024-01-15 09:30:00,AA:BB:CC:0F:00:01,AP-2,90,10,-64.2,60.17461051957581,18.963725420673747
2024-01-15 09:30:00,AA:BB:CC:0F:00:01,AP-3,10,50,-74.7,60.17461051957581,18.963725420673747
2024-01-15 09:30:00,AA:BB:CC:0F:00:01,AP-4,90,50,-68.4,60.17461051957581,18.963725420673747
2024-01-15 09:30:00,AA:BB:CC:0F:00:01,AP-5,50,30,-59.7,60.17461051957581,18.963725420673747
2024-01-15 09:30:00,AA:BB:CC:10:00:01,AP-1,10,10,-71.3,36.57575234005364,29.83855873792344
2024-01-15 09:30:00,AA:BB:CC:10:00:01,AP-2,90,10,-74.6,36.57575234005364,29.83855873792344
2024-01-15 09:30:00,AA:BB:CC:10:00:01,AP-3,10,50,-70.7,36.57575234005364,29.83855873792344
2024-01-15 09:30:00,AA:BB:CC:10:00:01,AP-4,90,50,-73.8,36.57575234005364,29.83855873792344
2024-01-15 09:30:00,AA:BB:CC:10:00:01,AP-5,50,30,-53.8,36.57575234005364,29.83855873792344
2024-01-15 09:30:00,AA:BB:CC:11:00:01,AP-1,10,10,-78.5,65.73610165090838,56.75663643248822
2024-01-15 09:30:00,AA:BB:CC:11:00:01,AP-2,90,10,-71.7,65.73610165090838,56.75663643248822
2024-01-15 09:30:00,AA:BB:CC:11:00:01,AP-3,10,50,-74.4,65.73610165090838,56.75663643248822
2024-01-15 09:30:00,AA:BB:CC:11:00:01,AP-4,90,50,-63.8,65.73610165090838,56.75663643248822
2024-01-15 09:30:00,AA:BB:CC:11:00:01,AP-5,50,30,-70.9,65.73610165090838,56.75663643248822
2024-01-15 09:30:00,AA:BB:CC:12:00:01,AP-1,10,10,-59.1,19.597180739748286,16.741561353177755
2024-01-15 09:30:00,AA:BB:CC:12:00:01,AP-2,90,10,-74.0,19.597180739748286,16.741561353177755
2024-01-15 09:30:00,AA:BB:CC:12:00:01,AP-3,10,50,-67.4,19.597180739748286,16.741561353177755
2024-01-15 09:30:00,AA:BB:CC:12:00:01,AP-4,90,50,-76.7,19.597180739748286,16.741561353177755
2024-01-15 09:30:00,AA:BB:CC:12:00:01,AP-5,50,30,-70.5,19.597180739748286,16.741561353177755
2024-01-15 09:30:00,AA:BB:CC:13:00:01,AP-1,10,10,-50.2,12.64045640252061,4.390547973077682
2024-01-15 09:30:00,AA:BB:CC:13:00:01,AP-2,90,10,-77.6,12.64045640252061,4.390547973077682
2024-01-15 09:30:00,AA:BB:CC:13:00:01,AP-3,10,50,-69.2,12.64045640252061,4.390547973077682
2024-01-15 09:30:00,AA:BB:CC:13:00:01,AP-4,90,50,-77.2,12.64045640252061,4.390547973077682
2024-01-15 09:30:00,AA:BB:CC:13:00:01,AP-5,50,30,-70.1,12.64045640252061,4.390547973077682
2024-01-15 09:30:00,AA:BB:CC:14:00:01,AP-1,10,10,-70.4,37.51522666068793,14.513624744952642
2024-01-15 09:30:00,AA:BB:CC:14:00:01,AP-2,90,10,-71.9,37.51522666068793,14.513624744952642
2024-01-15 09:30:00,AA:BB:CC:14:00:01,AP-3,10,50,-67.6,37.51522666068793,14.513624744952642
2024-01-15 09:30:00,AA:BB:CC:14:00:01,AP-4,90,50,-74.7,37.51522666068793,14.513624744952642
2024-01-15 09:30:00,AA:BB:CC:14:00:01,AP-5,50,30,-60.4,37.51522666068793,14.513624744952642
2024-01-15 09:30:00,AA:BB:CC:15:00:01,AP-1,10,10,-79.6,89.87302814160222,40.585879153935636
2024-01-15 09:30:00,AA:BB:CC:15:00:01,AP-2,90,10,-67.0,89.87302814160222,40.585879153935636
2024-01-15 09:30:00,AA:BB:CC:15:00:01,AP-3,10,50,-76.0,89.87302814160222,40.585879153935636
2024-01-15 09:30:00,AA:BB:CC:15:00:01,AP-4,90,50,-53.2,89.87302814160222,40.585879153935636
2024-01-15 09:30:00,AA:BB:CC:15:00:01,AP-5,50,30,-69.1,89.87302814160222,40.585879153935636
2024-01-15 09:30:00,AA:BB:CC:16:00:01,AP-1,10,10,-74.6,60.63056755343163,35.33948251579919
2024-01-15 09:30:00,AA:BB:CC:16:00:01,AP-2,90,10,-67.3,60.63056755343163,35.33948251579919
2024-01-15 09:30:00,AA:BB:CC:16:00:01,AP-3,10,50,-71.0,60.63056755343163,35.33948251579919
2024-01-15 09:30:00,AA:BB:CC:16:00:01,AP-4,90,50,-65.0,60.63056755343163,35.33948251579919
2024-01-15 09:30:00,AA:BB:CC:16:00:01,AP-5,50,30,-58.9,60.63056755343163,35.33948251579919
2024-01-15 09:30:00,AA:BB:CC:17:00:01,AP-1,10,10,-73.5,69.90691956313036,49.169681799538864
2024-01-15 09:30:00,AA:BB:CC:17:00:01,AP-2,90,10,-70.9,69.90691956313036,49.169681799538864
2024-01-15 09:30:00,AA:BB:CC:17:00:01,AP-3,10,50,-73.1,69.90691956313036,49.169681799538864
2024-01-15 09:30:00,AA:BB:CC:17:00:01,AP-4,90,50,-62.3,69.90691956313036,49.169681799538864
2024-01-15 09:30:00,AA:BB:CC:17:00:01,AP-5,50,30,-64.7,69.90691956313036,49.169681799538864
2024-01-15 09:30:00,AA:BB:CC:18:00:01,AP-1,10,10,-80.1,92.37901476843729,45.08921242225748
2024-01-15 09:30:00,AA:BB:CC:18:00:01,AP-2,90,10,-69.1,92.37901476843729,45.08921242225748
2024-01-15 09:30:00,AA:BB:CC:18:00:01,AP-3,10,50,-78.8,92.37901476843729,45.08921242225748
2024-01-15 09:30:00,AA:BB:CC:18:00:01,AP-4,90,50,-47.1,92.37901476843729,45.08921242225748
2024-01-15 09:30:00,AA:BB:CC:18:00:01,AP-5,50,30,-71.1,92.37901476843729,45.08921242225748
2024-01-15 09:30:00,AA:BB:CC:19:00:01,AP-1,10,10,-77.7,95.17299886899109,4.2949491363708825
2024-01-15 09:30:00,AA:BB:CC:19:00:01,AP-2,90,10,-52.0,95.17299886899109,4.2949491363708825
2024-01-15 09:30:00,AA:BB:CC:19:00:01,AP-3,10,50,-80.0,95.17299886899109,4.2949491363708825
2024-01-15 09:30:00,AA:BB:CC:19:00:01,AP-4,90,50,-75.2,95.17299886899109,4.2949491363708825
2024-01-15 09:30:00,AA:BB:CC:19:00:01,AP-5,50,30,-76.0,95.17299886899109,4.2949491363708825
2024-01-15 09:30:00,AA:BB:CC:1A:00:01,AP-1,10,10,-74.8,35.70905922191032,50.52845032755441
2024-01-15 09:30:00,AA:BB:CC:1A:00:01,AP-2,90,10,-73.1,35.70905922191032,50.52845032755441
2024-01-15 09:30:00,AA:BB:CC:1A:00:01,AP-3,10,50,-65.6,35.70905922191032,50.52845032755441
2024-01-15 09:30:00,AA:BB:CC:1A:00:01,AP-4,90,50,-75.7,35.70905922191032,50.52845032755441
2024-01-15 09:30:00,AA:BB:CC:1A:00:01,AP-5,50,30,-65.0,35.70905922191032,50.52845032755441
2024-01-15 09:30:00,AA:BB:CC:1B:00:01,AP-1,10,10,-72.8,44.76272814916716,44.371040964724976
2024-01-15 09:30:00,AA:BB:CC:1B:00:01,AP-2,90,10,-76.5,44.76272814916716,44.371040964724976
2024-01-15 09:30:00,AA:BB:CC:1B:00:01,AP-3,10,50,-70.9,44.76272814916716,44.371040964724976
2024-01-15 09:30:00,AA:BB:CC:1B:00:01,AP-4,90,50,-71.3,44.76272814916716,44.371040964724976
2024-01-15 09:30:00,AA:BB:CC:1B:00:01,AP-5,50,30,-59.1,44.76272814916716,44.371040964724976
2024-01-15 09:30:00,AA:BB:CC:1C:00:01,AP-1,10,10,-74.8,15.766221669888893,52.594221382512245
2024-01-15 09:30:00,AA:BB:CC:1C:00:01,AP-2,90,10,-77.2,15.766221669888893,52.594221382512245
2024-01-15 09:30:00,AA:BB:CC:1C:00:01,AP-3,10,50,-51.5,15.766221669888893,52.594221382512245
2024-01-15 09:30:00,AA:BB:CC:1C:00:01,AP-4,90,50,-75.6,15.766221669888893,52.594221382512245
2024-01-15 09:30:00,AA:BB:CC:1C:00:01,AP-5,50,30,-75.0,15.766221669888893,52.594221382512245
2024-01-15 09:30:00,AA:BB:CC:1D:00:01,AP-1,10,10,-69.6,43.549549469005136,21.936893016122436
2024-01-15 09:30:00,AA:BB:CC:1D:00:01,AP-2,90,10,-68.1,43.549549469005136,21.936893016122436
2024-01-15 09:30:00,AA:BB:CC:1D:00:01,AP-3,10,50,-71.3,43.549549469005136,21.936893016122436
2024-01-15 09:30:00,AA:BB:CC:1D:00:01,AP-4,90,50,-73.2,43.549549469005136,21.936893016122436
2024-01-15 09:30:00,AA:BB:CC:1D:00:01,AP-5,50,30,-54.8,43.549549469005136,21.936893016122436
2024-01-15 09:30:00,AA:BB:CC:1E:00:01,AP-1,10,10,-71.4,50.813319507747096,25.28646988518621
2024-01-15 09:30:00,AA:BB:CC:1E:00:01,AP-2,90,10,-72.4,50.813319507747096,25.28646988518621
2024-01-15 09:30:00,AA:BB:CC:1E:00:01,AP-3,10,50,-71.9,50.813319507747096,25.28646988518621
2024-01-15 09:30:00,AA:BB:CC:1E:00:01,AP-4,90,50,-71.5,50.813319507747096,25.28646988518621
2024-01-15 09:30:00,AA:BB:CC:1E:00:01,AP-5,50,30,-43.8,50.813319507747096,25.28646988518621
2024-01-15 09:30:00,AA:BB:CC:1F:00:01,AP-1,10,10,-66.9,10.925517035738089,40.1236501862152
2024-01-15 09:30:00,AA:BB:CC:1F:00:01,AP-2,90,10,-76.1,10.925517035738089,40.1236501862152
2024-01-15 09:30:00,AA:BB:CC:1F:00:01,AP-3,10,50,-54.2,10.925517035738089,40.1236501862152
2024-01-15 09:30:00,AA:BB:CC:1F:00:01,AP-4,90,50,-75.5,10.925517035738089,40.1236501862152
2024-01-15 09:30:00,AA:BB:CC:1F:00:01,AP-5,50,30,-69.4,10.925517035738089,40.1236501862152
2024-01-15 09:30:00,AA:BB:CC:20:00:01,AP-1,10,10,-77.6,93.39889783393662,41.02506174970801
2024-01-15 09:30:00,AA:BB:CC:20:00:01,AP-2,90,10,-67.3,93.39889783393662,41.02506174970801
2024-01-15 09:30:00,AA:BB:CC:20:00:01,AP-3,10,50,-74.2,93.39889783393662,41.02506174970801
2024-01-15 09:30:00,AA:BB:CC:20:00:01,AP-4,90,50,-57.0,93.39889783393662,41.02506174970801
2024-01-15 09:30:00,AA:BB:CC:20:00:01,AP-5,50,30,-72.8,93.39889783393662,41.02506174970801
2024-01-15 09:30:00,AA:BB:CC:21:00:01,AP-1,10,10,-72.2,18.132085140264895,56.50618512919468
2024-01-15 09:30:00,AA:BB:CC:21:00:01,AP-2,90,10,-80.0,18.132085140264895,56.50618512919468
2024-01-15 09:30:00,AA:BB:CC:21:00:01,AP-3,10,50,-54.9,18.132085140264895,56.50618512919468
2024-01-15 09:30:00,AA:BB:CC:21:00:01,AP-4,90,50,-76.6,18.132085140264895,56.50618512919468
2024-01-15 09:30:00,AA:BB:CC:21:00:01,AP-5,50,30,-71.9,18.132085140264895,56.50618512919468
2024-01-15 09:30:00,AA:BB:CC:22:00:01,AP-1,10,10,-65.4,22.27074924297007,36.93121481889691
2024-01-15 09:30:00,AA:BB:CC:22:00:01,AP-2,90,10,-73.9,22.27074924297007,36.93121481889691
2024-01-15 09:30:00,AA:BB:CC:22:00:01,AP-3,10,50,-60.8,22.27074924297007,36.93121481889691
2024-01-15 09:30:00,AA:BB:CC:22:00:01,AP-4,90,50,-77.6,22.27074924297007,36.93121481889691
2024-01-15 09:30:00,AA:BB:CC:22:00:01,AP-5,50,30,-66.8,22.27074924297007,36.93121481889691
2024-01-15 09:30:00,AA:BB:CC:23:00:01,AP-1,10,10,-74.5,53.09447325053051,53.64000313227603
2024-01-15 09:30:00,AA:BB:CC:23:00:01,AP-2,90,10,-71.6,53.09447325053051,53.64000313227603
2024-01-15 09:30:00,AA:BB:CC:23:00:01,AP-3,10,50,-71.5,53.09447325053051,53.64000313227603
2024-01-15 09:30:00,AA:BB:CC:23:00:01,AP-4,90,50,-69.8,53.09447325053051,53.64000313227603
2024-01-15 09:30:00,AA:BB:CC:23:00:01,AP-5,50,30,-63.9,53.09447325053051,53.64000313227603
2024-01-15 09:30:00,AA:BB:CC:24:00:01,AP-1,10,10,-78.7,95.05375839656836,46.48357653138285
2024-01-15 09:30:00,AA:BB:CC:24:00:01,AP-2,90,10,-68.3,95.05375839656836,46.48357653138285
2024-01-15 09:30:00,AA:BB:CC:24:00:01,AP-3,10,50,-79.1,95.05375839656836,46.48357653138285
2024-01-15 09:30:00,AA:BB:CC:24:00:01,AP-4,90,50,-50.7,95.05375839656836,46.48357653138285
2024-01-15 09:30:00,AA:BB:CC:24:00:01,AP-5,50,30,-71.4,95.05375839656836,46.48357653138285
2024-01-15 09:30:00,AA:BB:CC:25:00:01,AP-1,10,10,-71.3,43.72891244356914,36.94595308569067
2024-01-15 09:30:00,AA:BB:CC:25:00:01,AP-2,90,10,-74.7,43.72891244356914,36.94595308569067
2024-01-15 09:30:00,AA:BB:CC:25:00:01,AP-3,10,50,-69.5,43.72891244356914,36.94595308569067
2024-01-15 09:30:00,AA:BB:CC:25:00:01,AP-4,90,50,-72.2,43.72891244356914,36.94595308569067
2024-01-15 09:30:00,AA:BB:CC:25:00:01,AP-5,50,30,-55.5,43.72891244356914,36.94595308569067
2024-01-15 09:30:00,AA:BB:CC:26:00:01,AP-1,10,10,-66.1,26.812022609586556,46.440635315133385
2024-01-15 09:30:00,AA:BB:CC:26:00:01,AP-2,90,10,-76.5,26.812022609586556,46.440635315133385
2024-01-15 09:30:00,AA:BB:CC:26:00:01,AP-3,10,50,-57.3,26.812022609586556,46.440635315133385
2024-01-15 09:30:00,AA:BB:CC:26:00:01,AP-4,90,50,-75.7,26.812022609586556,46.440635315133385
2024-01-15 09:30:00,AA:BB:CC:26:00:01,AP-5,50,30,-70.6,26.812022609586556,46.440635315133385
2024-01-15 09:30:00,AA:BB:CC:27:00:01,AP-1,10,10,-72.2,57.42248716528654,26.63527895468019
2024-01-15 09:30:00,AA:BB:CC:27:00:01,AP-2,90,10,-67.6,57.42248716528654,26.63527895468019
2024-01-15 09:30:00,AA:BB:CC:27:00:01,AP-3,10,50,-75.5,57.42248716528654,26.63527895468019
2024-01-15 09:30:00,AA:BB:CC:27:00:01,AP-4,90,50,-70.4,57.42248716528654,26.63527895468019
2024-01-15 09:30:00,AA:BB:CC:27:00:01,AP-5,50,30,-54.5,57.42248716528654,26.63527895468019
2024-01-15 09:40:00,AA:BB:CC:00:00:01,AP-1,10,10,-68.5,17.56782511759666,42.82101970474818
2024-01-15 09:40:00,AA:BB:CC:00:00:01,AP-2,90,10,-75.3,17.56782511759666,42.82101970474818
2024-01-15 09:40:00,AA:BB:CC:00:00:01,AP-3,10,50,-53.4,17.56782511759666,42.82101970474818
2024-01-15 09:40:00,AA:BB:CC:00:00:01,AP-4,90,50,-76.0,17.56782511759666,42.82101970474818
2024-01-15 09:40:00,AA:BB:CC:00:00:01,AP-5,50,30,-66.3,17.56782511759666,42.82101970474818
2024-01-15 09:40:00,AA:BB:CC:01:00:01,AP-1,10,10,-78.4,50.38208424533704,47.79350578699268
2024-01-15 09:40:00,AA:BB:CC:01:00:01,AP-2,90,10,-70.9,50.38208424533704,47.79350578699268
2024-01-15 09:40:00,AA:BB:CC:01:00:01,AP-3,10,50,-71.8,50.38208424533704,47.79350578699268
2024-01-15 09:40:00,AA:BB:CC:01:00:01,AP-4,90,50,-71.0,50.38208424533704,47.79350578699268
2024-01-15 09:40:00,AA:BB:CC:01:00:01,AP-5,50,30,-60.8,50.38208424533704,47.79350578699268
2024-01-15 09:40:00,AA:BB:CC:02:00:01,AP-1,10,10,-73.2,35.25308628742932,54.65054864125458
2024-01-15 09:40:00,AA:BB:CC:02:00:01,AP-2,90,10,-77.6,35.25308628742932,54.65054864125458
2024-01-15 09:40:00,AA:BB:CC:02:00:01,AP-3,10,50,-66.8,35.25308628742932,54.65054864125458
2024-01-15 09:40:00,AA:BB:CC:02:00:01,AP-4,90,50,-72.7,35.25308628742932,54.65054864125458
2024-01-15 09:40:00,AA:BB:CC:02:00:01,AP-5,50,30,-69.5,35.25308628742932,54.65054864125458
2024-01-15 09:40:00,AA:BB:CC:03:00:01,AP-1,10,10,-64.4,28.790346963245078,26.63132843090272
2024-01-15 09:40:00,AA:BB:CC:03:00:01,AP-2,90,10,-74.9,28.790346963245078,26.63132843090272
2024-01-15 09:40:00,AA:BB:CC:03:00:01,AP-3,10,50,-70.4,28.790346963245078,26.63132843090272
2024-01-15 09:40:00,AA:BB:CC:03:00:01,AP-4,90,50,-77.3,28.790346963245078,26.63132843090272
2024-01-15 09:40:00,AA:BB:CC:03:00:01,AP-5,50,30,-63.0,28.790346963245078,26.63132843090272
2024-01-15 09:40:00,AA:BB:CC:04:00:01,AP-1,10,10,-72.2,47.22020031127408,40.544946889855154
2024-01-15 09:40:00,AA:BB:CC:04:00:01,AP-2,90,10,-73.5,47.22020031127408,40.544946889855154
2024-01-15 09:40:00,AA:BB:CC:04:00:01,AP-3,10,50,-71.3,47.22020031127408,40.544946889855154
2024-01-15 09:40:00,AA:BB:CC:04:00:01,AP-4,90,50,-69.5,47.22020031127408,40.544946889855154
2024-01-15 09:40:00,AA:BB:CC:04:00:01,AP-5,50,30,-56.5,47.22020031127408,40.544946889855154
2024-01-15 09:40:00,AA:BB:CC:05:00:01,AP-1,10,10,-62.5,9.624379778942973,34.81795955526324
2024-01-15 09:40:00,AA:BB:CC:05:00:01,AP-2,90,10,-80.5,9.624379778942973,34.81795955526324
2024-01-15 09:40:00,AA:BB:CC:05:00:01,AP-3,10,50,-61.3,9.624379778942973,34.81795955526324
2024-01-15 09:40:00,AA:BB:CC:05:00:01,AP-4,90,50,-76.4,9.624379778942973,34.81795955526324
2024-01-15 09:40:00,AA:BB:CC:05:00:01,AP-5,50,30,-70.9,9.624379778942973,34.81795955526324
2024-01-15 09:40:00,AA:BB:CC:06:00:01,AP-1,10,10,-70.4,11.977092837654865,36.50318699250111
2024-01-15 09:40:00,AA:BB:CC:06:00:01,AP-2,90,10,-78.8,11.977092837654865,36.50318699250111
2024-01-15 09:40:00,AA:BB:CC:06:00:01,AP-3,10,50,-56.3,11.977092837654865,36.50318699250111
2024-01-15 09:40:00,AA:BB:CC:06:00:01,AP-4,90,50,-76.6,11.977092837654865,36.50318699250111
2024-01-15 09:40:00,AA:BB:CC:06:00:01,AP-5,50,30,-68.4,11.977092837654865,36.50318699250111
2024-01-15 09:40:00,AA:BB:CC:07:00:01,AP-1,10,10,-60.8,7.511458770711062,25.362461543456345
2024-01-15 09:40:00,AA:BB:CC:07:00:01,AP-2,90,10,-77.5,7.511458770711062,25.362461543456345
2024-01-15 09:40:00,AA:BB:CC:07:00:01,AP-3,10,50,-61.1,7.511458770711062,25.362461543456345
2024-01-15 09:40:00,AA:BB:CC:07:00:01,AP-4,90,50,-80.3,7.511458770711062,25.362461543456345
2024-01-15 09:40:00,AA:BB:CC:07:00:01,AP-5,50,30,-67.6,7.511458770711062,25.362461543456345
2024-01-15 09:40:00,AA:BB:CC:08:00:01,AP-1,10,10,-79.9,86.87089378884797,43.70100494218403
2024-01-15 09:40:00,AA:BB:CC:08:00:01,AP-2,90,10,-66.7,86.87089378884797,43.70100494218403
2024-01-15 09:40:00,AA:BB:CC:08:00:01,AP-3,10,50,-74.0,86.87089378884797,43.70100494218403
2024-01-15 09:40:00,AA:BB:CC:08:00:01,AP-4,90,50,-49.7,86.87089378884797,43.70100494218403
2024-01-15 09:40:00,AA:BB:CC:08:00:01,AP-5,50,30,-72.6,86.87089378884797,43.70100494218403
2024-01-15 09:40:00,AA:BB:CC:09:00:01,AP-1,10,10,-72.5,35.06165763004165,50.80381234493489
2024-01-15 09:40:00,AA:BB:CC:09:00:01,AP-2,90,10,-73.7,35.06165763004165,50.80381234493489
2024-01-15 09:40:00,AA:BB:CC:09:00:01,AP-3,10,50,-64.7,35.06165763004165,50.80381234493489
2024-01-15 09:40:00,AA:BB:CC:09:00:01,AP-4,90,50,-70.9,35.06165763004165,50.80381234493489
2024-01-15 09:40:00,AA:BB:CC:09:00:01,AP-5,50,30,-66.5,35.06165763004165,50.80381234493489
2024-01-15 09:40:00,AA:BB:CC:0A:00:01,AP-1,10,10,-75.2,58.77750216458165,38.970908503672376
2024-01-15 09:40:00,AA:BB:CC:0A:00:01,AP-2,90,10,-71.3,58.77750216458165,38.970908503672376
2024-01-15 09:40:00,AA:BB:CC:0A:00:01,AP-3,10,50,-70.3,58.77750216458165,38.970908503672376
2024-01-15 09:40:00,AA:BB:CC:0A:00:01,AP-4,90,50,-71.5,58.77750216458165,38.970908503672376
2024-01-15 09:40:00,AA:BB:CC:0A:00:01,AP-5,50,30,-59.4,58.77750216458165,38.970908503672376
2024-01-15 09:40:00,AA:BB:CC:0B:00:01,AP-1,10,10,-70.0,23.027264120297474,55.65830640229133
2024-01-15 09:40:00,AA:BB:CC:0B:00:01,AP-2,90,10,-76.0,23.027264120297474,55.65830640229133
2024-01-15 09:40:00,AA:BB:CC:0B:00:01,AP-3,10,50,-58.6,23.027264120297474,55.65830640229133
2024-01-15 09:40:00,AA:BB:CC:0B:00:01,AP-4,90,50,-75.6,23.027264120297474,55.65830640229133
2024-01-15 09:40:00,AA:BB:CC:0B:00:01,AP-5,50,30,-67.5,23.027264120297474,55.65830640229133
2024-01-15 09:40:00,AA:BB:CC:0C:00:01,AP-1,10,10,-60.6,19.616338505454227,19.722396374447477
2024-01-15 09:40:00,AA:BB:CC:0C:00:01,AP-2,90,10,-75.8,19.616338505454227,19.722396374447477
2024-01-15 09:40:00,AA:BB:CC:0C:00:01,AP-3,10,50,-66.5,19.616338505454227,19.722396374447477
2024-01-15 09:40:00,AA:BB:CC:0C:00:01,AP-4,90,50,-77.2,19.616338505454227,19.722396374447477
2024-01-15 09:40:00,AA:BB:CC:0C:00:01,AP-5,50,30,-68.6,19.616338505454227,19.722396374447477
2024-01-15 09:40:00,AA:BB:CC:0D:00:01,AP-1,10,10,-72.7,43.24199261518764,35.71917444214658
2024-01-15 09:40:00,AA:BB:CC:0D:00:01,AP-2,90,10,-72.5,43.24199261518764,35.71917444214658
2024-01-15 09:40:00,AA:BB:CC:0D:00:01,AP-3,10,50,-71.3,43.24199261518764,35.71917444214658
2024-01-15 09:40:00,AA:BB:CC:0D:00:01,AP-4,90,50,-72.2,43.24199261518764,35.71917444214658
2024-01-15 09:40:00,AA:BB:CC:0D:00:01,AP-5,50,30,-53.8,43.24199261518764,35.71917444214658
2024-01-15 09:40:00,AA:BB:CC:0E:00:01,AP-1,10,10,-77.7,84.87606175525656,14.171464827067103
2024-01-15 09:40:00,AA:BB:CC:0E:00:01,AP-2,90,10,-51.3,84.87606175525656,14.171464827067103
2024-01-15 09:40:00,AA:BB:CC:0E:00:01,AP-3,10,50,-75.4,84.87606175525656,14.171464827067103
2024-01-15 09:40:00,AA:BB:CC:0E:00:01,AP-4,90,50,-71.3,84.87606175525656,14.171464827067103
2024-01-15 09:40:00,AA:BB:CC:0E:00:01,AP-5,50,30,-70.8,84.87606175525656,14.171464827067103
2024-01-15 09:40:00,AA:BB:CC:0F:00:01,AP-1,10,10,-78.6,92.40573297099269,45.16513834266103
2024-01-15 09:40:00,AA:BB:CC:0F:00:01,AP-2,90,10,-72.9,92.40573297099269,45.16513834266103
2024-01-15 09:40:00,AA:BB:CC:0F:00:01,AP-3,10,50,-75.0,92.40573297099269,45.16513834266103
2024-01-15 09:40:00,AA:BB:CC:0F:00:01,AP-4,90,50,-49.9,92.40573297099269,45.16513834266103
2024-01-15 09:40:00,AA:BB:CC:0F:00:01,AP-5,50,30,-71.9,92.40573297099269,45.16513834266103
2024-01-15 09:40:00,AA:BB:CC:10:00:01,AP-1,10,10,-65.0,36.88104827970284,4.113782031349144
2024-01-15 09:40:00,AA:BB:CC:10:00:01,AP-2,90,10,-71.7,36.88104827970284,4.113782031349144
2024-01-15 09:40:00,AA:BB:CC:10:00:01,AP-3,10,50,-73.5,36.88104827970284,4.113782031349144
2024-01-15 09:40:00,AA:BB:CC:10:00:01,AP-4,90,50,-79.5,36.88104827970284,4.113782031349144
2024-01-15 09:40:00,AA:BB:CC:10:00:01,AP-5,50,30,-68.0,36.88104827970284,4.113782031349144
2024-01-15 09:40:00,AA:BB:CC:11:00:01,AP-1,10,10,-79.3,73.41364158681522,56.83223681279204
2024-01-15 09:40:00,AA:BB:CC:11:00:01,AP-2,90,10,-73.0,73.41364158681522,56.83223681279204
2024-01-15 09:40:00,AA:BB:CC:11:00:01,AP-3,10,50,-79.6,73.41364158681522,56.83223681279204
2024-01-15 09:40:00,AA:BB:CC:11:00:01,AP-4,90,50,-60.7,73.41364158681522,56.83223681279204
2024-01-15 09:40:00,AA:BB:CC:11:00:01,AP-5,50,30,-68.3,73.41364158681522,56.83223681279204
2024-01-15 09:40:00,AA:BB:CC:12:00:01,AP-1,10,10,-67.6,49.326251931811896,9.187823205687717
2024-01-15 09:40:00,AA:BB:CC:12:00:01,AP-2,90,10,-64.9,49.326251931811896,9.187823205687717
2024-01-15 09:40:00,AA:BB:CC:12:00:01,AP-3,10,50,-73.1,49.326251931811896,9.187823205687717
2024-01-15 09:40:00,AA:BB:CC:12:00:01,AP-4,90,50,-74.8,49.326251931811896,9.187823205687717
2024-01-15 09:40:00,AA:BB:CC:12:00:01,AP-5,50,30,-61.9,49.326251931811896,9.187823205687717
2024-01-15 09:40:00,AA:BB:CC:13:00:01,AP-1,10,10,-70.9,60.2686052779954,31.85989775036002
2024-01-15 09:40:00,AA:BB:CC:13:00:01,AP-2,90,10,-66.5,60.2686052779954,31.85989775036002
2024-01-15 09:40:00,AA:BB:CC:13:00:01,AP-3,10,50,-74.2,60.2686052779954,31.85989775036002
2024-01-15 09:40:00,AA:BB:CC:13:00:01,AP-4,90,50,-69.3,60.2686052779954,31.85989775036002
2024-01-15 09:40:00,AA:BB:CC:13:00:01,AP-5,50,30,-53.2,60.2686052779954,31.85989775036002
2024-01-15 09:40:00,AA:BB:CC:14:00:01,AP-1,10,10,-74.3,60.58004253741819,22.007889501749304
2024-01-15 09:40:00,AA:BB:CC:14:00:01,AP-2,90,10,-67.4,60.58004253741819,22.007889501749304
2024-01-15 09:40:00,AA:BB:CC:14:00:01,AP-3,10,50,-73.6,60.58004253741819,22.007889501749304
2024-01-15 09:40:00,AA:BB:CC:14:00:01,AP-4,90,50,-69.4,60.58004253741819,22.007889501749304
2024-01-15 09:40:00,AA:BB:CC:14:00:01,AP-5,50,30,-58.7,60.58004253741819,22.007889501749304
2024-01-15 09:40:00,AA:BB:CC:15:00:01,AP-1,10,10,-74.5,61.79018360996529,48.44026943181026
2024-01-15 09:40:00,AA:BB:CC:15:00:01,AP-2,90,10,-74.3,61.79018360996529,48.44026943181026
2024-01-15 09:40:00,AA:BB:CC:15:00:01,AP-3,10,50,-72.2,61.79018360996529,48.44026943181026
2024-01-15 09:40:00,AA:BB:CC:15:00:01,AP-4,90,50,-69.3,61.79018360996529,48.44026943181026
2024-01-15 09:40:00,AA:BB:CC:15:00:01,AP-5,50,30,-60.1,61.79018360996529,48.44026943181026
2024-01-15 09:40:00,AA:BB:CC:16:00:01,AP-1,10,10,-73.3,76.26490524457948,36.890888590375226
2024-01-15 09:40:00,AA:BB:CC:16:00:01,AP-2,90,10,-68.3,76.26490524457948,36.890888590375226
2024-01-15 09:40:00,AA:BB:CC:16:00:01,AP-3,10,50,-72.6,76.26490524457948,36.890888590375226
2024-01-15 09:40:00,AA:BB:CC:16:00:01,AP-4,90,50,-61.0,76.26490524457948,36.890888590375226
2024-01-15 09:40:00,AA:BB:CC:16:00:01,AP-5,50,30,-66.0,76.26490524457948,36.890888590375226
2024-01-15 09:40:00,AA:BB:CC:17:00:01,AP-1,10,10,-81.8,91.5472338156142,34.30921385699746
2024-01-15 09:40:00,AA:BB:CC:17:00:01,AP-2,90,10,-64.5,91.5472338156142,34.30921385699746
2024-01-15 09:40:00,AA:BB:CC:17:00:01,AP-3,10,50,-78.3,91.5472338156142,34.30921385699746
2024-01-15 09:40:00,AA:BB:CC:17:00:01,AP-4,90,50,-61.4,91.5472338156142,34.30921385699746
2024-01-15 09:40:00,AA:BB:CC:17:00:01,AP-5,50,30,-70.7,91.5472338156142,34.30921385699746
2024-01-15 09:40:00,AA:BB:CC:18:00:01,AP-1,10,10,-73.4,48.47535562898239,40.171559556878904
2024-01-15 09:40:00,AA:BB:CC:18:00:01,AP-2,90,10,-76.3,48.47535562898239,40.171559556878904
2024-01-15 09:40:00,AA:BB:CC:18:00:01,AP-3,10,50,-71.5,48.47535562898239,40.171559556878904
2024-01-15 09:40:00,AA:BB:CC:18:00:01,AP-4,90,50,-70.1,48.47535562898239,40.171559556878904
2024-01-15 09:40:00,AA:BB:CC:18:00:01,AP-5,50,30,-53.8,48.47535562898239,40.171559556878904
2024-01-15 09:40:00,AA:BB:CC:19:00:01,AP-1,10,10,-79.7,87.99025289620974,54.66573873387764
2024-01-15 09:40:00,AA:BB:CC:19:00:01,AP-2,90,10,-72.9,87.99025289620974,54.66573873387764
2024-01-15 09:40:00,AA:BB:CC:19:00:01,AP-3,10,50,-75.9,87.99025289620974,54.66573873387764
2024-01-15 09:40:00,AA:BB:CC:19:00:01,AP-4,90,50,-46.9,87.99025289620974,54.66573873387764
2024-01-15 09:40:00,AA:BB:CC:19:00:01,AP-5,50,30,-70.3,87.99025289620974,54.66573873387764
2024-01-15 09:40:00,AA:BB:CC:1A:00:01,AP-1,10,10,-56.7,22.29249478727226,16.135881250726587
2024-01-15 09:40:00,AA:BB:CC:1A:00:01,AP-2,90,10,-75.6,22.29249478727226,16.135881250726587
2024-01-15 09:40:00,AA:BB:CC:1A:00:01,AP-3,10,50,-66.6,22.29249478727226,16.135881250726587
2024-01-15 09:40:00,AA:BB:CC:1A:00:01,AP-4,90,50,-74.7,22.29249478727226,16.135881250726587
2024-01-15 09:40:00,AA:BB:CC:1A:00:01,AP-5,50,30,-69.1,22.29249478727226,16.135881250726587
2024-01-15 09:40:00,AA:BB:CC:1B:00:01,AP-1,10,10,-75.0,64.92484285695963,33.06707125728116
2024-01-15 09:40:00,AA:BB:CC:1B:00:01,AP-2,90,10,-65.7,64.92484285695963,33.06707125728116
2024-01-15 09:40:00,AA:BB:CC:1B:00:01,AP-3,10,50,-72.9,64.92484285695963,33.06707125728116
2024-01-15 09:40:00,AA:BB:CC:1B:00:01,AP-4,90,50,-67.8,64.92484285695963,33.06707125728116
2024-01-15 09:40:00,AA:BB:CC:1B:00:01,AP-5,50,30,-58.8,64.92484285695963,33.06707125728116
2024-01-15 09:40:00,AA:BB:CC:1C:00:01,AP-1,10,10,-77.7,79.95611841398528,40.13429384171876
2024-01-15 09:40:00,AA:BB:CC:1C:00:01,AP-2,90,10,-65.2,79.95611841398528,40.13429384171876
2024-01-15 09:40:00,AA:BB:CC:1C:00:01,AP-3,10,50,-78.1,79.95611841398528,40.13429384171876
2024-01-15 09:40:00,AA:BB:CC:1C:00:01,AP-4,90,50,-61.2,79.95611841398528,40.13429384171876
2024-01-15 09:40:00,AA:BB:CC:1C:00:01,AP-5,50,30,-70.3,79.95611841398528,40.13429384171876
2024-01-15 09:40:00,AA:BB:CC:1D:00:01,AP-1,10,10,-56.3,13.464191257723648,22.489966349298214
2024-01-15 09:40:00,AA:BB:CC:1D:00:01,AP-2,90,10,-77.8,13.464191257723648,22.489966349298214
2024-01-15 09:40:00,AA:BB:CC:1D:00:01,AP-3,10,50,-65.3,13.464191257723648,22.489966349298214
2024-01-15 09:40:00,AA:BB:CC:1D:00:01,AP-4,90,50,-77.6,13.464191257723648,22.489966349298214
2024-01-15 09:40:00,AA:BB:CC:1D:00:01,AP-5,50,30,-70.2,13.464191257723648,22.489966349298214
2024-01-15 09:40:00,AA:BB:CC:1E:00:01,AP-1,10,10,-72.3,73.98967341632434,29.182141255603568
2024-01-15 09:40:00,AA:BB:CC:1E:00:01,AP-2,90,10,-65.7,73.98967341632434,29.182141255603568
2024-01-15 09:40:00,AA:BB:CC:1E:00:01,AP-3,10,50,-80.8,73.98967341632434,29.182141255603568
2024-01-15 09:40:00,AA:BB:CC:1E:00:01,AP-4,90,50,-67.6,73.98967341632434,29.182141255603568
2024-01-15 09:40:00,AA:BB:CC:1E:00:01,AP-5,50,30,-68.9,73.98967341632434,29.182141255603568
2024-01-15 09:40:00,AA:BB:CC:1F:00:01,AP-1,10,10,-80.0,95.41324235249402,37.189717476098245
2024-01-15 09:40:00,AA:BB:CC:1F:00:01,AP-2,90,10,-63.3,95.41324235249402,37.189717476098245
2024-01-15 09:40:00,AA:BB:CC:1F:00:01,AP-3,10,50,-78.7,95.41324235249402,37.189717476098245
2024-01-15 09:40:00,AA:BB:CC:1F:00:01,AP-4,90,50,-56.9,95.41324235249402,37.189717476098245
2024-01-15 09:40:00,AA:BB:CC:1F:00:01,AP-5,50,30,-72.5,95.41324235249402,37.189717476098245
2024-01-15 09:40:00,AA:BB:CC:20:00:01,AP-1,10,10,-72.9,80.15647803307355,26.963883963222536
2024-01-15 09:40:00,AA:BB:CC:20:00:01,AP-2,90,10,-65.0,80.15647803307355,26.963883963222536
2024-01-15 09:40:00,AA:BB:CC:20:00:01,AP-3,10,50,-75.8,80.15647803307355,26.963883963222536
2024-01-15 09:40:00,AA:BB:CC:20:00:01,AP-4,90,50,-67.2,80.15647803307355,26.963883963222536
2024-01-15 09:40:00,AA:BB:CC:20:00:01,AP-5,50,30,-72.2,80.15647803307355,26.963883963222536
2024-01-15 09:40:00,AA:BB:CC:21:00:01,AP-1,10,10,-71.6,57.70626716280243,28.80495417747855
2024-01-15 09:40:00,AA:BB:CC:21:00:01,AP-2,90,10,-71.5,57.70626716280243,28.80495417747855
2024-01-15 09:40:00,AA:BB:CC:21:00:01,AP-3,10,50,-71.4,57.70626716280243,28.80495417747855
2024-01-15 09:40:00,AA:BB:CC:21:00:01,AP-4,90,50,-69.4,57.70626716280243,28.80495417747855
2024-01-15 09:40:00,AA:BB:CC:21:00:01,AP-5,50,30,-55.5,57.70626716280243,28.80495417747855
2024-01-15 09:40:00,AA:BB:CC:22:00:01,AP-1,10,10,-70.0,58.322551380932296,16.401125729515215
2024-01-15 09:40:00,AA:BB:CC:22:00:01,AP-2,90,10,-63.5,58.322551380932296,16.401125729515215
2024-01-15 09:40:00,AA:BB:CC:22:00:01,AP-3,10,50,-74.7,58.322551380932296,16.401125729515215
2024-01-15 09:40:00,AA:BB:CC:22:00:01,AP-4,90,50,-70.8,58.322551380932296,16.401125729515215
2024-01-15 09:40:00,AA:BB:CC:22:00:01,AP-5,50,30,-59.1,58.322551380932296,16.401125729515215
2024-01-15 09:40:00,AA:BB:CC:23:00:01,AP-1,10,10,-67.4,37.68597777677757,15.547375245046663
2024-01-15 09:40:00,AA:BB:CC:23:00:01,AP-2,90,10,-71.0,37.68597777677757,15.547375245046663
2024-01-15 09:40:00,AA:BB:CC:23:00:01,AP-3,10,50,-74.3,37.68597777677757,15.547375245046663
2024-01-15 09:40:00,AA:BB:CC:23:00:01,AP-4,90,50,-76.1,37.68597777677757,15.547375245046663
2024-01-15 09:40:00,AA:BB:CC:23:00:01,AP-5,50,30,-63.1,37.68597777677757,15.547375245046663
2024-01-15 09:40:00,AA:BB:CC:24:00:01,AP-1,10,10,-58.1,21.874901249178304,18.440766714365285
2024-01-15 09:40:00,AA:BB:CC:24:00:01,AP-2,90,10,-77.7,21.874901249178304,18.440766714365285
2024-01-15 09:40:00,AA:BB:CC:24:00:01,AP-3,10,50,-68.8,21.874901249178304,18.440766714365285
2024-01-15 09:40:00,AA:BB:CC:24:00:01,AP-4,90,50,-75.3,21.874901249178304,18.440766714365285
2024-01-15 09:40:00,AA:BB:CC:24:00:01,AP-5,50,30,-64.3,21.874901249178304,18.440766714365285
2024-01-15 09:40:00,AA:BB:CC:25:00:01,AP-1,10,10,-69.1,35.91865586944377,37.9322677414947
2024-01-15 09:40:00,AA:BB:CC:25:00:01,AP-2,90,10,-71.3,35.91865586944377,37.9322677414947
2024-01-15 09:40:00,AA:BB:CC:25:00:01,AP-3,10,50,-65.8,35.91865586944377,37.9322677414947
2024-01-15 09:40:00,AA:BB:CC:25:00:01,AP-4,90,50,-74.8,35.91865586944377,37.9322677414947
2024-01-15 09:40:00,AA:BB:CC:25:00:01,AP-5,50,30,-57.0,35.91865586944377,37.9322677414947
2024-01-15 09:40:00,AA:BB:CC:26:00:01,AP-1,10,10,-76.8,70.614437396302,44.22263015194373
2024-01-15 09:40:00,AA:BB:CC:26:00:01,AP-2,90,10,-73.1,70.614437396302,44.22263015194373
2024-01-15 09:40:00,AA:BB:CC:26:00:01,AP-3,10,50,-75.0,70.614437396302,44.22263015194373
2024-01-15 09:40:00,AA:BB:CC:26:00:01,AP-4,90,50,-65.7,70.614437396302,44.22263015194373
2024-01-15 09:40:00,AA:BB:CC:26:00:01,AP-5,50,30,-66.2,70.614437396302,44.22263015194373
2024-01-15 09:40:00,AA:BB:CC:27:00:01,AP-1,10,10,-79.3,91.21812048726491,14.32704962162279
2024-01-15 09:40:00,AA:BB:CC:27:00:01,AP-2,90,10,-43.9,91.21812048726491,14.32704962162279
2024-01-15 09:40:00,AA:BB:CC:27:00:01,AP-3,10,50,-77.0,91.21812048726491,14.32704962162279
2024-01-15 09:40:00,AA:BB:CC:27:00:01,AP-4,90,50,-71.5,91.21812048726491,14.32704962162279
2024-01-15 09:40:00,AA:BB:CC:27:00:01,AP-5,50,30,-69.3,91.21812048726491,14.32704962162279
